scene,timestamp,cam,name,level,severity,source,inherited_from
scene_0,1782614166.792776108,cam0,1782614166.792776108.png,1,轻度,manual,
scene_0,1782614167.049891949,cam0,1782614167.049891949.png,1,轻度,inherited,1782614166.792776108
scene_0,1782614167.311052799,cam0,1782614167.311052799.png,1,轻度,inherited,1782614167.049891949
scene_0,1782614167.577645302,cam0,1782614167.577645302.png,1,轻度,inherited,1782614167.311052799
scene_0,1782614167.836768389,cam0,1782614167.836768389.png,1,轻度,inherited,1782614167.577645302
scene_0,1782614168.108396292,cam0,1782614168.108396292.png,1,轻度,inherited,1782614167.836768389
scene_0,1782614168.372770548,cam0,1782614168.372770548.png,1,轻度,inherited,1782614168.108396292
scene_0,1782614168.623686552,cam0,1782614168.623686552.png,1,轻度,inherited,1782614168.372770548
scene_0,1782614168.875208855,cam0,1782614168.875208855.png,1,轻度,inherited,1782614168.623686552
scene_0,1782614169.128047466,cam0,1782614169.128047466.png,1,轻度,inherited,1782614168.875208855
scene_0,1782614169.128047466,cam5,1782614169.128047466.png,1,轻度,manual,
scene_0,1782614169.388037205,cam0,1782614169.388037205.png,1,轻度,inherited,1782614169.128047466
scene_0,1782614169.388037205,cam5,1782614169.388037205.png,1,轻度,manual,
scene_0,1782614169.642659903,cam0,1782614169.642659903.png,1,轻度,inherited,1782614169.388037205
scene_0,1782614169.642659903,cam5,1782614169.642659903.png,1,轻度,manual,
scene_0,1782614169.898872375,cam0,1782614169.898872375.png,1,轻度,inherited,1782614169.642659903
scene_0,1782614169.898872375,cam5,1782614169.898872375.png,1,轻度,manual,
scene_0,1782614170.154638052,cam0,1782614170.154638052.png,1,轻度,inherited,1782614169.898872375
scene_0,1782614170.154638052,cam5,1782614170.154638052.png,1,轻度,inherited,1782614169.898872375
scene_0,1782614170.411935806,cam0,1782614170.411935806.png,1,轻度,inherited,1782614170.154638052
scene_0,1782614170.411935806,cam5,1782614170.411935806.png,1,轻度,inherited,1782614170.154638052
scene_0,1782614170.666518688,cam0,1782614170.666518688.png,1,轻度,inherited,1782614170.411935806
scene_0,1782614170.666518688,cam5,1782614170.666518688.png,1,轻度,inherited,1782614170.411935806
scene_0,1782614170.919541121,cam0,1782614170.919541121.png,1,轻度,inherited,1782614170.666518688
scene_0,1782614170.919541121,cam5,1782614170.919541121.png,1,轻度,inherited,1782614170.666518688
scene_0,1782614171.174172878,cam5,1782614171.174172878.png,1,轻度,inherited,1782614170.919541121
scene_0,1782614171.428716660,cam5,1782614171.428716660.png,1,轻度,inherited,1782614171.174172878
scene_0,1782614171.680769920,cam5,1782614171.680769920.png,1,轻度,inherited,1782614171.428716660
scene_0,1782614171.930434227,cam5,1782614171.930434227.png,1,轻度,inherited,1782614171.680769920
scene_0,1782614172.187997818,cam4,1782614172.187997818.png,1,轻度,manual,
scene_0,1782614172.187997818,cam5,1782614172.187997818.png,1,轻度,inherited,1782614171.930434227
scene_0,1782614172.441950798,cam4,1782614172.441950798.png,1,轻度,inherited,1782614172.187997818
scene_0,1782614172.441950798,cam5,1782614172.441950798.png,1,轻度,inherited,1782614172.187997818
scene_0,1782614172.697194099,cam4,1782614172.697194099.png,1,轻度,inherited,1782614172.441950798
scene_0,1782614172.697194099,cam5,1782614172.697194099.png,1,轻度,inherited,1782614172.441950798
scene_0,1782614172.955494642,cam4,1782614172.955494642.png,1,轻度,inherited,1782614172.697194099
scene_0,1782614172.955494642,cam5,1782614172.955494642.png,1,轻度,inherited,1782614172.697194099
scene_0,1782614173.211006880,cam4,1782614173.211006880.png,1,轻度,inherited,1782614172.955494642
scene_0,1782614173.465247869,cam4,1782614173.465247869.png,1,轻度,inherited,1782614173.211006880
scene_0,1782614173.718294144,cam4,1782614173.718294144.png,1,轻度,inherited,1782614173.465247869
scene_0,1782614173.968333721,cam4,1782614173.968333721.png,1,轻度,inherited,1782614173.718294144
scene_0,1782614174.221524954,cam4,1782614174.221524954.png,1,轻度,inherited,1782614173.968333721
scene_0,1782614174.470330238,cam3,1782614174.470330238.png,1,轻度,manual,
scene_0,1782614174.470330238,cam4,1782614174.470330238.png,1,轻度,inherited,1782614174.221524954
scene_0,1782614174.730596542,cam3,1782614174.730596542.png,1,轻度,inherited,1782614174.470330238
scene_0,1782614174.730596542,cam4,1782614174.730596542.png,1,轻度,inherited,1782614174.470330238
scene_0,1782614175.000552654,cam3,1782614175.000552654.png,1,轻度,inherited,1782614174.730596542
scene_0,1782614175.000552654,cam4,1782614175.000552654.png,1,轻度,inherited,1782614174.730596542
scene_0,1782614175.257322073,cam3,1782614175.257322073.png,1,轻度,inherited,1782614175.000552654
scene_0,1782614175.257322073,cam4,1782614175.257322073.png,1,轻度,inherited,1782614175.000552654
scene_0,1782614175.509262800,cam3,1782614175.509262800.png,1,轻度,inherited,1782614175.257322073
scene_0,1782614175.509262800,cam4,1782614175.509262800.png,1,轻度,inherited,1782614175.257322073
scene_0,1782614175.764346600,cam3,1782614175.764346600.png,1,轻度,inherited,1782614175.509262800
scene_0,1782614175.764346600,cam4,1782614175.764346600.png,1,轻度,inherited,1782614175.509262800
scene_0,1782614176.016279459,cam3,1782614176.016279459.png,1,轻度,inherited,1782614175.764346600
scene_0,1782614176.016279459,cam4,1782614176.016279459.png,1,轻度,inherited,1782614175.764346600
scene_0,1782614176.268071175,cam3,1782614176.268071175.png,1,轻度,inherited,1782614176.016279459
scene_0,1782614176.268071175,cam4,1782614176.268071175.png,1,轻度,inherited,1782614176.016279459
scene_0,1782614176.525375843,cam3,1782614176.525375843.png,1,轻度,inherited,1782614176.268071175
scene_0,1782614176.525375843,cam4,1782614176.525375843.png,1,轻度,inherited,1782614176.268071175
scene_0,1782614176.786388636,cam3,1782614176.786388636.png,1,轻度,inherited,1782614176.525375843
scene_0,1782614176.786388636,cam4,1782614176.786388636.png,1,轻度,inherited,1782614176.525375843
scene_0,1782614177.049041986,cam3,1782614177.049041986.png,1,轻度,inherited,1782614176.786388636
scene_0,1782614177.049041986,cam4,1782614177.049041986.png,1,轻度,inherited,1782614176.786388636
scene_0,1782614177.313045740,cam3,1782614177.313045740.png,1,轻度,inherited,1782614177.049041986
scene_0,1782614177.572103977,cam3,1782614177.572103977.png,1,轻度,inherited,1782614177.313045740
scene_0,1782614177.834555149,cam3,1782614177.834555149.png,1,轻度,inherited,1782614177.572103977
scene_0,1782614205.411392212,cam0,1782614205.411392212.png,1,轻度,manual,
scene_0,1782614205.664308071,cam0,1782614205.664308071.png,1,轻度,inherited,1782614205.411392212
scene_0,1782614205.920627117,cam0,1782614205.920627117.png,1,轻度,inherited,1782614205.664308071
scene_0,1782614206.169558048,cam0,1782614206.169558048.png,1,轻度,inherited,1782614205.920627117
scene_0,1782614206.420837164,cam0,1782614206.420837164.png,1,轻度,inherited,1782614206.169558048
scene_0,1782614206.420837164,cam5,1782614206.420837164.png,1,轻度,manual,
scene_0,1782614206.671736479,cam0,1782614206.671736479.png,1,轻度,inherited,1782614206.420837164
scene_0,1782614206.671736479,cam5,1782614206.671736479.png,1,轻度,inherited,1782614206.420837164
scene_0,1782614206.925270557,cam0,1782614206.925270557.png,1,轻度,inherited,1782614206.671736479
scene_0,1782614206.925270557,cam5,1782614206.925270557.png,1,轻度,inherited,1782614206.671736479
scene_0,1782614207.185044765,cam0,1782614207.185044765.png,1,轻度,inherited,1782614206.925270557
scene_0,1782614207.185044765,cam4,1782614207.185044765.png,1,轻度,manual,
scene_0,1782614207.185044765,cam5,1782614207.185044765.png,1,轻度,inherited,1782614206.925270557
scene_0,1782614207.437052488,cam0,1782614207.437052488.png,1,轻度,inherited,1782614207.185044765
scene_0,1782614207.437052488,cam4,1782614207.437052488.png,1,轻度,inherited,1782614207.185044765
scene_0,1782614207.437052488,cam5,1782614207.437052488.png,1,轻度,inherited,1782614207.185044765
scene_0,1782614207.693693638,cam0,1782614207.693693638.png,1,轻度,inherited,1782614207.437052488
scene_0,1782614207.693693638,cam4,1782614207.693693638.png,1,轻度,inherited,1782614207.437052488
scene_0,1782614207.693693638,cam5,1782614207.693693638.png,1,轻度,inherited,1782614207.437052488
scene_0,1782614207.946203470,cam0,1782614207.946203470.png,1,轻度,inherited,1782614207.693693638
scene_0,1782614207.946203470,cam3,1782614207.946203470.png,1,轻度,manual,
scene_0,1782614207.946203470,cam4,1782614207.946203470.png,1,轻度,inherited,1782614207.693693638
scene_0,1782614207.946203470,cam5,1782614207.946203470.png,1,轻度,inherited,1782614207.693693638
scene_0,1782614208.202379227,cam0,1782614208.202379227.png,1,轻度,inherited,1782614207.946203470
scene_0,1782614208.202379227,cam3,1782614208.202379227.png,1,轻度,manual,
scene_0,1782614208.202379227,cam4,1782614208.202379227.png,1,轻度,inherited,1782614207.946203470
scene_0,1782614208.202379227,cam5,1782614208.202379227.png,1,轻度,inherited,1782614207.946203470
scene_0,1782614208.457055330,cam0,1782614208.457055330.png,1,轻度,inherited,1782614208.202379227
scene_0,1782614208.457055330,cam3,1782614208.457055330.png,1,轻度,manual,
scene_0,1782614208.457055330,cam4,1782614208.457055330.png,1,轻度,inherited,1782614208.202379227
scene_0,1782614208.457055330,cam5,1782614208.457055330.png,1,轻度,inherited,1782614208.202379227
scene_0,1782614208.720355511,cam0,1782614208.720355511.png,1,轻度,manual,
scene_0,1782614208.720355511,cam3,1782614208.720355511.png,1,轻度,inherited,1782614208.457055330
scene_0,1782614208.720355511,cam4,1782614208.720355511.png,1,轻度,inherited,1782614208.457055330
scene_0,1782614208.720355511,cam5,1782614208.720355511.png,1,轻度,inherited,1782614208.457055330
scene_0,1782614208.985917091,cam0,1782614208.985917091.png,1,轻度,manual,
scene_0,1782614208.985917091,cam3,1782614208.985917091.png,1,轻度,inherited,1782614208.720355511
scene_0,1782614208.985917091,cam4,1782614208.985917091.png,1,轻度,inherited,1782614208.720355511
scene_0,1782614208.985917091,cam5,1782614208.985917091.png,1,轻度,inherited,1782614208.720355511
scene_0,1782614209.244832754,cam0,1782614209.244832754.png,1,轻度,inherited,1782614208.985917091
scene_0,1782614209.244832754,cam3,1782614209.244832754.png,1,轻度,inherited,1782614208.985917091
scene_0,1782614209.244832754,cam4,1782614209.244832754.png,1,轻度,inherited,1782614208.985917091
scene_0,1782614209.244832754,cam5,1782614209.244832754.png,1,轻度,inherited,1782614208.985917091
scene_0,1782614209.516497135,cam0,1782614209.516497135.png,1,轻度,inherited,1782614209.244832754
scene_0,1782614209.516497135,cam3,1782614209.516497135.png,1,轻度,inherited,1782614209.244832754
scene_0,1782614209.516497135,cam4,1782614209.516497135.png,1,轻度,inherited,1782614209.244832754
scene_0,1782614209.516497135,cam5,1782614209.516497135.png,1,轻度,inherited,1782614209.244832754
scene_0,1782614209.781608105,cam0,1782614209.781608105.png,1,轻度,inherited,1782614209.516497135
scene_0,1782614209.781608105,cam3,1782614209.781608105.png,1,轻度,inherited,1782614209.516497135
scene_0,1782614209.781608105,cam4,1782614209.781608105.png,1,轻度,inherited,1782614209.516497135
scene_0,1782614209.781608105,cam5,1782614209.781608105.png,1,轻度,inherited,1782614209.516497135
scene_0,1782614210.043141603,cam0,1782614210.043141603.png,1,轻度,inherited,1782614209.781608105
scene_0,1782614210.043141603,cam3,1782614210.043141603.png,1,轻度,inherited,1782614209.781608105
scene_0,1782614210.043141603,cam4,1782614210.043141603.png,1,轻度,inherited,1782614209.781608105
scene_0,1782614210.304386139,cam3,1782614210.304386139.png,1,轻度,inherited,1782614210.043141603
scene_0,1782614210.304386139,cam4,1782614210.304386139.png,1,轻度,inherited,1782614210.043141603
scene_0,1782614210.563789845,cam3,1782614210.563789845.png,1,轻度,inherited,1782614210.304386139
scene_0,1782614210.563789845,cam4,1782614210.563789845.png,1,轻度,inherited,1782614210.304386139
scene_0,1782614210.828574657,cam3,1782614210.828574657.png,1,轻度,inherited,1782614210.563789845
scene_0,1782614210.828574657,cam4,1782614210.828574657.png,1,轻度,inherited,1782614210.563789845
scene_0,1782614211.096414566,cam3,1782614211.096414566.png,1,轻度,inherited,1782614210.828574657
scene_0,1782614211.363494158,cam3,1782614211.363494158.png,1,轻度,inherited,1782614211.096414566
scene_0,1782614211.623370647,cam3,1782614211.623370647.png,1,轻度,inherited,1782614211.363494158
scene_0,1782614211.881730318,cam3,1782614211.881730318.png,1,轻度,inherited,1782614211.623370647
scene_0,1782614212.148237467,cam3,1782614212.148237467.png,1,轻度,inherited,1782614211.881730318
scene_0,1782614212.425618172,cam3,1782614212.425618172.png,1,轻度,inherited,1782614212.148237467
scene_0,1782614212.690859079,cam3,1782614212.690859079.png,1,轻度,inherited,1782614212.425618172
scene_0,1782614212.954691648,cam3,1782614212.954691648.png,1,轻度,inherited,1782614212.690859079
scene_0,1782614213.221743345,cam3,1782614213.221743345.png,1,轻度,inherited,1782614212.954691648
scene_0,1782614213.482132196,cam3,1782614213.482132196.png,1,轻度,inherited,1782614213.221743345
scene_0,1782614213.735810041,cam3,1782614213.735810041.png,1,轻度,inherited,1782614213.482132196
scene_0,1782614213.990280151,cam3,1782614213.990280151.png,1,轻度,inherited,1782614213.735810041
scene_0,1782614214.244521856,cam3,1782614214.244521856.png,1,轻度,inherited,1782614213.990280151
scene_0,1782614214.501629829,cam3,1782614214.501629829.png,1,轻度,inherited,1782614214.244521856
scene_0,1782614214.752258539,cam3,1782614214.752258539.png,1,轻度,inherited,1782614214.501629829
scene_0,1782614215.007981539,cam3,1782614215.007981539.png,1,轻度,inherited,1782614214.752258539
scene_0,1782614215.264155149,cam3,1782614215.264155149.png,1,轻度,inherited,1782614215.007981539
scene_0,1782614215.518404007,cam3,1782614215.518404007.png,1,轻度,inherited,1782614215.264155149
scene_0,1782614215.770555019,cam3,1782614215.770555019.png,1,轻度,inherited,1782614215.518404007
scene_0,1782614216.024199963,cam3,1782614216.024199963.png,1,轻度,inherited,1782614215.770555019
scene_0,1782614216.283083200,cam3,1782614216.283083200.png,1,轻度,inherited,1782614216.024199963
scene_0,1782614216.538320541,cam3,1782614216.538320541.png,1,轻度,inherited,1782614216.283083200
scene_0,1782614216.796559811,cam3,1782614216.796559811.png,1,轻度,inherited,1782614216.538320541
scene_0,1782614217.049098969,cam3,1782614217.049098969.png,1,轻度,inherited,1782614216.796559811
scene_0,1782614217.306285858,cam3,1782614217.306285858.png,1,轻度,inherited,1782614217.049098969
scene_0,1782614217.564031124,cam3,1782614217.564031124.png,1,轻度,inherited,1782614217.306285858
scene_0,1782614217.820574045,cam3,1782614217.820574045.png,1,轻度,inherited,1782614217.564031124
scene_0,1782614218.079209805,cam3,1782614218.079209805.png,1,轻度,inherited,1782614217.820574045
scene_0,1782614218.329839945,cam3,1782614218.329839945.png,1,轻度,inherited,1782614218.079209805
scene_0,1782614279.281437159,cam4,1782614279.281437159.png,1,轻度,manual,
scene_0,1782614279.545806646,cam3,1782614279.545806646.png,1,轻度,manual,
scene_0,1782614279.545806646,cam4,1782614279.545806646.png,1,轻度,manual,
scene_0,1782614279.809392691,cam3,1782614279.809392691.png,1,轻度,manual,
scene_0,1782614279.809392691,cam4,1782614279.809392691.png,1,轻度,manual,
scene_0,1782614280.065984726,cam3,1782614280.065984726.png,1,轻度,inherited,1782614279.809392691
scene_0,1782614280.065984726,cam4,1782614280.065984726.png,1,轻度,inherited,1782614279.809392691
scene_0,1782614280.318626404,cam3,1782614280.318626404.png,1,轻度,inherited,1782614280.065984726
scene_0,1782614280.318626404,cam4,1782614280.318626404.png,1,轻度,inherited,1782614280.065984726
scene_0,1782614280.569347382,cam3,1782614280.569347382.png,1,轻度,inherited,1782614280.318626404
scene_0,1782614280.569347382,cam4,1782614280.569347382.png,1,轻度,inherited,1782614280.318626404
scene_0,1782614280.819095135,cam3,1782614280.819095135.png,1,轻度,inherited,1782614280.569347382
scene_0,1782614280.819095135,cam4,1782614280.819095135.png,1,轻度,inherited,1782614280.569347382
scene_0,1782614281.071573734,cam3,1782614281.071573734.png,1,轻度,inherited,1782614280.819095135
scene_0,1782614281.071573734,cam4,1782614281.071573734.png,1,轻度,inherited,1782614280.819095135
scene_0,1782614281.329985380,cam3,1782614281.329985380.png,1,轻度,inherited,1782614281.071573734
scene_0,1782614281.582121611,cam3,1782614281.582121611.png,1,轻度,inherited,1782614281.329985380
scene_0,1782614281.833849430,cam3,1782614281.833849430.png,1,轻度,inherited,1782614281.582121611
scene_0,1782614282.089358807,cam3,1782614282.089358807.png,1,轻度,inherited,1782614281.833849430
scene_0,1782614282.342761040,cam3,1782614282.342761040.png,1,轻度,inherited,1782614282.089358807
scene_0,1782614282.601224422,cam3,1782614282.601224422.png,1,轻度,inherited,1782614282.342761040
scene_0,1782614282.863908768,cam3,1782614282.863908768.png,1,轻度,inherited,1782614282.601224422
scene_0,1782614283.126356125,cam3,1782614283.126356125.png,1,轻度,inherited,1782614282.863908768
scene_0,1782614283.382620573,cam3,1782614283.382620573.png,1,轻度,inherited,1782614283.126356125
scene_0,1782614283.636595488,cam3,1782614283.636595488.png,1,轻度,inherited,1782614283.382620573
scene_0,1782614283.896749496,cam3,1782614283.896749496.png,1,轻度,inherited,1782614283.636595488
scene_0,1782614336.746593714,cam0,1782614336.746593714.png,1,轻度,manual,
scene_0,1782614337.015223742,cam0,1782614337.015223742.png,1,轻度,inherited,1782614336.746593714
scene_0,1782614337.278530598,cam0,1782614337.278530598.png,1,轻度,inherited,1782614337.015223742
scene_0,1782614337.540488005,cam0,1782614337.540488005.png,1,轻度,inherited,1782614337.278530598
scene_0,1782614337.804350615,cam0,1782614337.804350615.png,1,轻度,inherited,1782614337.540488005
scene_0,1782614338.056009531,cam0,1782614338.056009531.png,1,轻度,inherited,1782614337.804350615
scene_0,1782614338.319509745,cam0,1782614338.319509745.png,1,轻度,inherited,1782614338.056009531
scene_0,1782614338.570635319,cam0,1782614338.570635319.png,1,轻度,inherited,1782614338.319509745
scene_0,1782614338.570635319,cam1,1782614338.570635319.png,1,轻度,manual,
scene_0,1782614338.820330381,cam0,1782614338.820330381.png,1,轻度,inherited,1782614338.570635319
scene_0,1782614338.820330381,cam1,1782614338.820330381.png,1,轻度,manual,
scene_0,1782614339.077241659,cam0,1782614339.077241659.png,1,轻度,inherited,1782614338.820330381
scene_0,1782614339.077241659,cam1,1782614339.077241659.png,1,轻度,inherited,1782614338.820330381
scene_0,1782614339.330993414,cam0,1782614339.330993414.png,1,轻度,inherited,1782614339.077241659
scene_0,1782614339.330993414,cam1,1782614339.330993414.png,1,轻度,inherited,1782614339.077241659
scene_0,1782614339.586838961,cam0,1782614339.586838961.png,1,轻度,inherited,1782614339.330993414
scene_0,1782614339.586838961,cam1,1782614339.586838961.png,1,轻度,inherited,1782614339.330993414
scene_0,1782614339.841818571,cam0,1782614339.841818571.png,1,轻度,inherited,1782614339.586838961
scene_0,1782614339.841818571,cam1,1782614339.841818571.png,1,轻度,inherited,1782614339.586838961
scene_0,1782614340.104600191,cam0,1782614340.104600191.png,1,轻度,inherited,1782614339.841818571
scene_0,1782614340.104600191,cam1,1782614340.104600191.png,1,轻度,inherited,1782614339.841818571
scene_0,1782614340.359568357,cam0,1782614340.359568357.png,1,轻度,inherited,1782614340.104600191
scene_0,1782614340.359568357,cam1,1782614340.359568357.png,1,轻度,inherited,1782614340.104600191
scene_0,1782614340.616016150,cam0,1782614340.616016150.png,1,轻度,inherited,1782614340.359568357
scene_0,1782614340.616016150,cam1,1782614340.616016150.png,1,轻度,inherited,1782614340.359568357
scene_0,1782614340.872343779,cam0,1782614340.872343779.png,1,轻度,inherited,1782614340.616016150
scene_0,1782614340.872343779,cam1,1782614340.872343779.png,1,轻度,inherited,1782614340.616016150
scene_0,1782614341.125309229,cam0,1782614341.125309229.png,1,轻度,inherited,1782614340.872343779
scene_0,1782614341.125309229,cam1,1782614341.125309229.png,1,轻度,inherited,1782614340.872343779
scene_0,1782614341.377936840,cam0,1782614341.377936840.png,1,轻度,inherited,1782614341.125309229
scene_0,1782614341.377936840,cam1,1782614341.377936840.png,1,轻度,inherited,1782614341.125309229
scene_0,1782614341.630016327,cam0,1782614341.630016327.png,1,轻度,inherited,1782614341.377936840
scene_0,1782614341.630016327,cam1,1782614341.630016327.png,1,轻度,inherited,1782614341.377936840
scene_0,1782614341.884289026,cam0,1782614341.884289026.png,1,轻度,inherited,1782614341.630016327
scene_0,1782614341.884289026,cam1,1782614341.884289026.png,1,轻度,inherited,1782614341.630016327
scene_0,1782614342.136646986,cam0,1782614342.136646986.png,1,轻度,inherited,1782614341.884289026
scene_0,1782614342.136646986,cam1,1782614342.136646986.png,1,轻度,inherited,1782614341.884289026
scene_0,1782614342.392419338,cam0,1782614342.392419338.png,1,轻度,inherited,1782614342.136646986
scene_0,1782614342.392419338,cam1,1782614342.392419338.png,1,轻度,inherited,1782614342.136646986
scene_0,1782614342.647491693,cam0,1782614342.647491693.png,1,轻度,inherited,1782614342.392419338
scene_0,1782614342.647491693,cam1,1782614342.647491693.png,1,轻度,inherited,1782614342.392419338
scene_0,1782614342.906224251,cam0,1782614342.906224251.png,1,轻度,inherited,1782614342.647491693
scene_0,1782614342.906224251,cam1,1782614342.906224251.png,1,轻度,inherited,1782614342.647491693
scene_0,1782614343.166419506,cam0,1782614343.166419506.png,1,轻度,inherited,1782614342.906224251
scene_0,1782614343.166419506,cam1,1782614343.166419506.png,1,轻度,inherited,1782614342.906224251
scene_0,1782614343.419861794,cam0,1782614343.419861794.png,1,轻度,inherited,1782614343.166419506
scene_0,1782614343.419861794,cam1,1782614343.419861794.png,1,轻度,inherited,1782614343.166419506
scene_0,1782614343.673806667,cam0,1782614343.673806667.png,1,轻度,inherited,1782614343.419861794
scene_0,1782614343.673806667,cam1,1782614343.673806667.png,1,轻度,inherited,1782614343.419861794
scene_0,1782614343.926367760,cam0,1782614343.926367760.png,1,轻度,inherited,1782614343.673806667
scene_0,1782614343.926367760,cam1,1782614343.926367760.png,1,轻度,inherited,1782614343.673806667
scene_0,1782614344.176361084,cam0,1782614344.176361084.png,1,轻度,inherited,1782614343.926367760
scene_0,1782614344.176361084,cam1,1782614344.176361084.png,1,轻度,inherited,1782614343.926367760
scene_0,1782614344.432905912,cam0,1782614344.432905912.png,1,轻度,inherited,1782614344.176361084
scene_0,1782614344.432905912,cam1,1782614344.432905912.png,1,轻度,inherited,1782614344.176361084
scene_0,1782614344.688347816,cam0,1782614344.688347816.png,1,轻度,inherited,1782614344.432905912
scene_0,1782614344.688347816,cam1,1782614344.688347816.png,1,轻度,inherited,1782614344.432905912
scene_0,1782614344.942916870,cam0,1782614344.942916870.png,1,轻度,inherited,1782614344.688347816
scene_0,1782614344.942916870,cam1,1782614344.942916870.png,1,轻度,inherited,1782614344.688347816
scene_0,1782614345.201577663,cam0,1782614345.201577663.png,1,轻度,inherited,1782614344.942916870
scene_0,1782614345.201577663,cam1,1782614345.201577663.png,1,轻度,inherited,1782614344.942916870
scene_0,1782614345.454612017,cam0,1782614345.454612017.png,1,轻度,inherited,1782614345.201577663
scene_0,1782614345.454612017,cam1,1782614345.454612017.png,1,轻度,inherited,1782614345.201577663
scene_0,1782614345.454612017,cam3,1782614345.454612017.png,1,轻度,manual,
scene_0,1782614345.713028908,cam0,1782614345.713028908.png,1,轻度,inherited,1782614345.454612017
scene_0,1782614345.713028908,cam1,1782614345.713028908.png,1,轻度,inherited,1782614345.454612017
scene_0,1782614345.713028908,cam3,1782614345.713028908.png,1,轻度,manual,
scene_0,1782614345.973345518,cam0,1782614345.973345518.png,1,轻度,inherited,1782614345.713028908
scene_0,1782614345.973345518,cam1,1782614345.973345518.png,1,轻度,inherited,1782614345.713028908
scene_0,1782614345.973345518,cam3,1782614345.973345518.png,1,轻度,inherited,1782614345.713028908
scene_0,1782614346.234682083,cam0,1782614346.234682083.png,1,轻度,inherited,1782614345.973345518
scene_0,1782614346.234682083,cam1,1782614346.234682083.png,1,轻度,inherited,1782614345.973345518
scene_0,1782614346.234682083,cam3,1782614346.234682083.png,1,轻度,inherited,1782614345.973345518
scene_0,1782614346.494194746,cam0,1782614346.494194746.png,1,轻度,inherited,1782614346.234682083
scene_0,1782614346.494194746,cam1,1782614346.494194746.png,1,轻度,inherited,1782614346.234682083
scene_0,1782614346.494194746,cam3,1782614346.494194746.png,1,轻度,inherited,1782614346.234682083
scene_0,1782614346.750090599,cam0,1782614346.750090599.png,1,轻度,inherited,1782614346.494194746
scene_0,1782614346.750090599,cam1,1782614346.750090599.png,1,轻度,inherited,1782614346.494194746
scene_0,1782614346.750090599,cam3,1782614346.750090599.png,1,轻度,inherited,1782614346.494194746
scene_0,1782614347.012842417,cam0,1782614347.012842417.png,1,轻度,inherited,1782614346.750090599
scene_0,1782614347.012842417,cam1,1782614347.012842417.png,1,轻度,inherited,1782614346.750090599
scene_0,1782614347.012842417,cam3,1782614347.012842417.png,1,轻度,inherited,1782614346.750090599
scene_0,1782614347.270945072,cam0,1782614347.270945072.png,1,轻度,inherited,1782614347.012842417
scene_0,1782614347.270945072,cam1,1782614347.270945072.png,1,轻度,inherited,1782614347.012842417
scene_0,1782614347.270945072,cam3,1782614347.270945072.png,1,轻度,inherited,1782614347.012842417
scene_0,1782614347.531657219,cam0,1782614347.531657219.png,1,轻度,inherited,1782614347.270945072
scene_0,1782614347.531657219,cam1,1782614347.531657219.png,1,轻度,inherited,1782614347.270945072
scene_0,1782614347.531657219,cam3,1782614347.531657219.png,1,轻度,inherited,1782614347.270945072
scene_0,1782614347.791368484,cam0,1782614347.791368484.png,1,轻度,inherited,1782614347.531657219
scene_0,1782614347.791368484,cam1,1782614347.791368484.png,1,轻度,inherited,1782614347.531657219
scene_0,1782614347.791368484,cam3,1782614347.791368484.png,1,轻度,inherited,1782614347.531657219
scene_0,1782614348.053326607,cam0,1782614348.053326607.png,1,轻度,inherited,1782614347.791368484
scene_0,1782614348.053326607,cam1,1782614348.053326607.png,1,轻度,inherited,1782614347.791368484
scene_0,1782614348.053326607,cam3,1782614348.053326607.png,1,轻度,inherited,1782614347.791368484
scene_0,1782614348.317367792,cam0,1782614348.317367792.png,1,轻度,inherited,1782614348.053326607
scene_0,1782614348.317367792,cam1,1782614348.317367792.png,1,轻度,inherited,1782614348.053326607
scene_0,1782614348.317367792,cam3,1782614348.317367792.png,1,轻度,inherited,1782614348.053326607
scene_0,1782614348.577789783,cam0,1782614348.577789783.png,1,轻度,inherited,1782614348.317367792
scene_0,1782614348.577789783,cam1,1782614348.577789783.png,1,轻度,inherited,1782614348.317367792
scene_0,1782614348.577789783,cam3,1782614348.577789783.png,1,轻度,inherited,1782614348.317367792
scene_0,1782614348.840314388,cam0,1782614348.840314388.png,1,轻度,inherited,1782614348.577789783
scene_0,1782614348.840314388,cam1,1782614348.840314388.png,1,轻度,inherited,1782614348.577789783
scene_0,1782614348.840314388,cam3,1782614348.840314388.png,1,轻度,inherited,1782614348.577789783
scene_0,1782614349.105391026,cam0,1782614349.105391026.png,1,轻度,inherited,1782614348.840314388
scene_0,1782614349.105391026,cam1,1782614349.105391026.png,1,轻度,inherited,1782614348.840314388
scene_0,1782614349.105391026,cam3,1782614349.105391026.png,1,轻度,inherited,1782614348.840314388
scene_0,1782614349.366722107,cam0,1782614349.366722107.png,1,轻度,inherited,1782614349.105391026
scene_0,1782614349.366722107,cam3,1782614349.366722107.png,1,轻度,inherited,1782614349.105391026
scene_0,1782614349.617746830,cam0,1782614349.617746830.png,1,轻度,inherited,1782614349.366722107
scene_0,1782614349.617746830,cam3,1782614349.617746830.png,1,轻度,inherited,1782614349.366722107
scene_0,1782614349.870666027,cam0,1782614349.870666027.png,1,轻度,inherited,1782614349.617746830
scene_0,1782614349.870666027,cam3,1782614349.870666027.png,1,轻度,inherited,1782614349.617746830
scene_0,1782614350.123761654,cam0,1782614350.123761654.png,1,轻度,inherited,1782614349.870666027
scene_0,1782614350.123761654,cam3,1782614350.123761654.png,1,轻度,inherited,1782614349.870666027
scene_0,1782614350.377404690,cam0,1782614350.377404690.png,1,轻度,inherited,1782614350.123761654
scene_0,1782614350.377404690,cam3,1782614350.377404690.png,1,轻度,inherited,1782614350.123761654
scene_0,1782614350.632443428,cam0,1782614350.632443428.png,1,轻度,inherited,1782614350.377404690
scene_0,1782614350.632443428,cam3,1782614350.632443428.png,1,轻度,inherited,1782614350.377404690
scene_0,1782614350.884548187,cam0,1782614350.884548187.png,1,轻度,inherited,1782614350.632443428
scene_0,1782614350.884548187,cam3,1782614350.884548187.png,1,轻度,inherited,1782614350.632443428
scene_0,1782614351.141321659,cam0,1782614351.141321659.png,1,轻度,inherited,1782614350.884548187
scene_0,1782614351.141321659,cam3,1782614351.141321659.png,1,轻度,inherited,1782614350.884548187
scene_0,1782614351.401871920,cam0,1782614351.401871920.png,1,轻度,inherited,1782614351.141321659
scene_0,1782614351.401871920,cam3,1782614351.401871920.png,1,轻度,inherited,1782614351.141321659
scene_0,1782614351.657871485,cam0,1782614351.657871485.png,1,轻度,inherited,1782614351.401871920
scene_0,1782614351.657871485,cam3,1782614351.657871485.png,1,轻度,inherited,1782614351.401871920
scene_0,1782614351.913685322,cam0,1782614351.913685322.png,1,轻度,inherited,1782614351.657871485
scene_0,1782614351.913685322,cam3,1782614351.913685322.png,1,轻度,inherited,1782614351.657871485
scene_0,1782614352.166134119,cam0,1782614352.166134119.png,1,轻度,inherited,1782614351.913685322
scene_0,1782614352.166134119,cam3,1782614352.166134119.png,1,轻度,inherited,1782614351.913685322
scene_0,1782614352.418188095,cam0,1782614352.418188095.png,1,轻度,inherited,1782614352.166134119
scene_0,1782614352.418188095,cam3,1782614352.418188095.png,1,轻度,inherited,1782614352.166134119
scene_0,1782614352.673143387,cam0,1782614352.673143387.png,1,轻度,inherited,1782614352.418188095
scene_0,1782614352.673143387,cam3,1782614352.673143387.png,1,轻度,inherited,1782614352.418188095
scene_0,1782614352.933731794,cam0,1782614352.933731794.png,1,轻度,inherited,1782614352.673143387
scene_0,1782614352.933731794,cam3,1782614352.933731794.png,1,轻度,inherited,1782614352.673143387
scene_0,1782614353.198672771,cam0,1782614353.198672771.png,1,轻度,inherited,1782614352.933731794
scene_0,1782614353.198672771,cam3,1782614353.198672771.png,1,轻度,inherited,1782614352.933731794
scene_0,1782614353.452666759,cam0,1782614353.452666759.png,1,轻度,inherited,1782614353.198672771
scene_0,1782614353.452666759,cam3,1782614353.452666759.png,1,轻度,inherited,1782614353.198672771
scene_0,1782614353.708775043,cam0,1782614353.708775043.png,1,轻度,inherited,1782614353.452666759
scene_0,1782614353.708775043,cam3,1782614353.708775043.png,1,轻度,inherited,1782614353.452666759
scene_0,1782614353.962514400,cam0,1782614353.962514400.png,1,轻度,inherited,1782614353.708775043
scene_0,1782614353.962514400,cam3,1782614353.962514400.png,1,轻度,inherited,1782614353.708775043
scene_0,1782614354.217440844,cam0,1782614354.217440844.png,1,轻度,inherited,1782614353.962514400
scene_0,1782614354.217440844,cam3,1782614354.217440844.png,1,轻度,inherited,1782614353.962514400
scene_0,1782614354.478471279,cam0,1782614354.478471279.png,1,轻度,inherited,1782614354.217440844
scene_0,1782614354.478471279,cam3,1782614354.478471279.png,1,轻度,inherited,1782614354.217440844
scene_0,1782614354.734427691,cam0,1782614354.734427691.png,1,轻度,inherited,1782614354.478471279
scene_0,1782614354.734427691,cam3,1782614354.734427691.png,1,轻度,inherited,1782614354.478471279
scene_0,1782614354.994038582,cam0,1782614354.994038582.png,1,轻度,inherited,1782614354.734427691
scene_0,1782614354.994038582,cam3,1782614354.994038582.png,1,轻度,inherited,1782614354.734427691
scene_0,1782614355.248546362,cam0,1782614355.248546362.png,1,轻度,inherited,1782614354.994038582
scene_0,1782614355.248546362,cam3,1782614355.248546362.png,1,轻度,inherited,1782614354.994038582
scene_0,1782614355.503343582,cam0,1782614355.503343582.png,1,轻度,inherited,1782614355.248546362
scene_0,1782614355.503343582,cam3,1782614355.503343582.png,1,轻度,inherited,1782614355.248546362
scene_0,1782614355.759561777,cam0,1782614355.759561777.png,1,轻度,inherited,1782614355.503343582
scene_0,1782614355.759561777,cam3,1782614355.759561777.png,1,轻度,inherited,1782614355.503343582
scene_0,1782614356.025558710,cam0,1782614356.025558710.png,1,轻度,inherited,1782614355.759561777
scene_0,1782614356.025558710,cam3,1782614356.025558710.png,1,轻度,inherited,1782614355.759561777
scene_0,1782614356.279412031,cam0,1782614356.279412031.png,1,轻度,inherited,1782614356.025558710
scene_0,1782614356.279412031,cam3,1782614356.279412031.png,1,轻度,inherited,1782614356.025558710
scene_0,1782614356.529467344,cam0,1782614356.529467344.png,1,轻度,inherited,1782614356.279412031
scene_0,1782614356.529467344,cam3,1782614356.529467344.png,1,轻度,inherited,1782614356.279412031
scene_0,1782614356.779248238,cam0,1782614356.779248238.png,1,轻度,inherited,1782614356.529467344
scene_0,1782614356.779248238,cam3,1782614356.779248238.png,1,轻度,inherited,1782614356.529467344
scene_0,1782614357.037539482,cam0,1782614357.037539482.png,1,轻度,inherited,1782614356.779248238
scene_0,1782614357.037539482,cam3,1782614357.037539482.png,1,轻度,inherited,1782614356.779248238
scene_0,1782614357.300528526,cam0,1782614357.300528526.png,1,轻度,inherited,1782614357.037539482
scene_0,1782614357.300528526,cam3,1782614357.300528526.png,1,轻度,inherited,1782614357.037539482
scene_0,1782614357.566862106,cam0,1782614357.566862106.png,1,轻度,inherited,1782614357.300528526
scene_0,1782614357.566862106,cam3,1782614357.566862106.png,1,轻度,inherited,1782614357.300528526
scene_0,1782614357.830479383,cam0,1782614357.830479383.png,1,轻度,inherited,1782614357.566862106
scene_0,1782614357.830479383,cam3,1782614357.830479383.png,1,轻度,inherited,1782614357.566862106
scene_0,1782614358.103067160,cam0,1782614358.103067160.png,1,轻度,inherited,1782614357.830479383
scene_0,1782614358.103067160,cam3,1782614358.103067160.png,1,轻度,inherited,1782614357.830479383
scene_0,1782614358.367120266,cam0,1782614358.367120266.png,1,轻度,inherited,1782614358.103067160
scene_0,1782614358.367120266,cam3,1782614358.367120266.png,1,轻度,inherited,1782614358.103067160
scene_0,1782614358.633699894,cam0,1782614358.633699894.png,1,轻度,inherited,1782614358.367120266
scene_0,1782614358.633699894,cam3,1782614358.633699894.png,1,轻度,inherited,1782614358.367120266
scene_0,1782614358.901195049,cam0,1782614358.901195049.png,1,轻度,inherited,1782614358.633699894
scene_0,1782614358.901195049,cam3,1782614358.901195049.png,1,轻度,inherited,1782614358.633699894
scene_0,1782614359.164429188,cam0,1782614359.164429188.png,1,轻度,inherited,1782614358.901195049
scene_0,1782614359.164429188,cam3,1782614359.164429188.png,1,轻度,inherited,1782614358.901195049
scene_0,1782614359.424003839,cam0,1782614359.424003839.png,1,轻度,inherited,1782614359.164429188
scene_0,1782614359.424003839,cam3,1782614359.424003839.png,1,轻度,inherited,1782614359.164429188
scene_0,1782614359.684451342,cam0,1782614359.684451342.png,1,轻度,inherited,1782614359.424003839
scene_0,1782614359.684451342,cam3,1782614359.684451342.png,1,轻度,inherited,1782614359.424003839
scene_0,1782614359.946792126,cam0,1782614359.946792126.png,1,轻度,inherited,1782614359.684451342
scene_0,1782614359.946792126,cam3,1782614359.946792126.png,1,轻度,inherited,1782614359.684451342
scene_0,1782614360.214590549,cam0,1782614360.214590549.png,1,轻度,inherited,1782614359.946792126
scene_0,1782614360.214590549,cam3,1782614360.214590549.png,1,轻度,inherited,1782614359.946792126
scene_0,1782614360.472128630,cam0,1782614360.472128630.png,1,轻度,inherited,1782614360.214590549
scene_0,1782614360.472128630,cam3,1782614360.472128630.png,1,轻度,inherited,1782614360.214590549
scene_0,1782614360.736236572,cam0,1782614360.736236572.png,1,轻度,inherited,1782614360.472128630
scene_0,1782614360.736236572,cam3,1782614360.736236572.png,1,轻度,inherited,1782614360.472128630
scene_0,1782614360.999624729,cam0,1782614360.999624729.png,1,轻度,inherited,1782614360.736236572
scene_0,1782614360.999624729,cam3,1782614360.999624729.png,1,轻度,inherited,1782614360.736236572
scene_0,1782614361.255850554,cam0,1782614361.255850554.png,1,轻度,inherited,1782614360.999624729
scene_0,1782614361.255850554,cam3,1782614361.255850554.png,1,轻度,inherited,1782614360.999624729
scene_0,1782614361.511914015,cam0,1782614361.511914015.png,1,轻度,inherited,1782614361.255850554
scene_0,1782614361.511914015,cam3,1782614361.511914015.png,1,轻度,inherited,1782614361.255850554
scene_0,1782614361.765818596,cam0,1782614361.765818596.png,1,轻度,inherited,1782614361.511914015
scene_0,1782614361.765818596,cam3,1782614361.765818596.png,1,轻度,inherited,1782614361.511914015
scene_0,1782614362.015898943,cam0,1782614362.015898943.png,1,轻度,inherited,1782614361.765818596
scene_0,1782614362.269286156,cam0,1782614362.269286156.png,1,轻度,inherited,1782614362.015898943
scene_0,1782614362.528133154,cam0,1782614362.528133154.png,1,轻度,inherited,1782614362.269286156
scene_0,1782614362.781892538,cam0,1782614362.781892538.png,1,轻度,inherited,1782614362.528133154
scene_0,1782614363.035272598,cam0,1782614363.035272598.png,1,轻度,inherited,1782614362.781892538
scene_0,1782614363.289317608,cam0,1782614363.289317608.png,1,轻度,inherited,1782614363.035272598
scene_0,1782614363.539656878,cam0,1782614363.539656878.png,1,轻度,inherited,1782614363.289317608
scene_0,1782614363.793913364,cam0,1782614363.793913364.png,1,轻度,inherited,1782614363.539656878
scene_0,1782614364.064602613,cam0,1782614364.064602613.png,1,轻度,inherited,1782614363.793913364
scene_0,1782614364.321478844,cam0,1782614364.321478844.png,1,轻度,inherited,1782614364.064602613
scene_0,1782614364.571610689,cam0,1782614364.571610689.png,1,轻度,inherited,1782614364.321478844
scene_0,1782614364.822816372,cam0,1782614364.822816372.png,1,轻度,inherited,1782614364.571610689
scene_0,1782614365.073289156,cam0,1782614365.073289156.png,1,轻度,inherited,1782614364.822816372
scene_0,1782614365.323852777,cam0,1782614365.323852777.png,1,轻度,inherited,1782614365.073289156
scene_0,1782614365.577364445,cam0,1782614365.577364445.png,1,轻度,inherited,1782614365.323852777
scene_0,1782614365.830389500,cam0,1782614365.830389500.png,1,轻度,inherited,1782614365.577364445
scene_0,1782614366.089388847,cam0,1782614366.089388847.png,1,轻度,inherited,1782614365.830389500
scene_0,1782614366.337242842,cam0,1782614366.337242842.png,1,轻度,inherited,1782614366.089388847
scene_0,1782614366.592031002,cam0,1782614366.592031002.png,1,轻度,inherited,1782614366.337242842
scene_0,1782614366.845417976,cam0,1782614366.845417976.png,1,轻度,inherited,1782614366.592031002
scene_0,1782614367.108777285,cam0,1782614367.108777285.png,1,轻度,inherited,1782614366.845417976
scene_0,1782614367.365319252,cam0,1782614367.365319252.png,1,轻度,inherited,1782614367.108777285
scene_0,1782614367.620155573,cam0,1782614367.620155573.png,1,轻度,inherited,1782614367.365319252
scene_0,1782614367.876893520,cam0,1782614367.876893520.png,1,轻度,inherited,1782614367.620155573
scene_0,1782614368.131364107,cam0,1782614368.131364107.png,1,轻度,inherited,1782614367.876893520
scene_0,1782614368.387144804,cam0,1782614368.387144804.png,1,轻度,inherited,1782614368.131364107
scene_0,1782614368.640830755,cam0,1782614368.640830755.png,1,轻度,inherited,1782614368.387144804
scene_0,1782614368.895958662,cam0,1782614368.895958662.png,1,轻度,inherited,1782614368.640830755
scene_0,1782614369.154095411,cam0,1782614369.154095411.png,1,轻度,inherited,1782614368.895958662
scene_0,1782614369.417235136,cam0,1782614369.417235136.png,1,轻度,inherited,1782614369.154095411
scene_0,1782614369.679743290,cam0,1782614369.679743290.png,1,轻度,inherited,1782614369.417235136
scene_0,1782614369.941725492,cam0,1782614369.941725492.png,1,轻度,inherited,1782614369.679743290
scene_0,1782614369.941725492,cam3,1782614369.941725492.png,1,轻度,manual,
scene_0,1782614370.204788685,cam0,1782614370.204788685.png,1,轻度,inherited,1782614369.941725492
scene_0,1782614370.204788685,cam3,1782614370.204788685.png,1,轻度,manual,
scene_0,1782614370.473130941,cam0,1782614370.473130941.png,1,轻度,inherited,1782614370.204788685
scene_0,1782614370.473130941,cam3,1782614370.473130941.png,1,轻度,manual,
scene_0,1782614370.737590075,cam0,1782614370.737590075.png,1,轻度,inherited,1782614370.473130941
scene_0,1782614370.737590075,cam3,1782614370.737590075.png,1,轻度,manual,
scene_0,1782614371.001701355,cam0,1782614371.001701355.png,1,轻度,inherited,1782614370.737590075
scene_0,1782614371.001701355,cam3,1782614371.001701355.png,1,轻度,manual,
scene_0,1782614371.265591860,cam0,1782614371.265591860.png,1,轻度,inherited,1782614371.001701355
scene_0,1782614371.265591860,cam3,1782614371.265591860.png,1,轻度,manual,
scene_0,1782614371.534049034,cam0,1782614371.534049034.png,1,轻度,inherited,1782614371.265591860
scene_0,1782614371.534049034,cam3,1782614371.534049034.png,1,轻度,manual,
scene_0,1782614371.799572706,cam0,1782614371.799572706.png,1,轻度,inherited,1782614371.534049034
scene_0,1782614371.799572706,cam3,1782614371.799572706.png,1,轻度,manual,
scene_0,1782614372.068839788,cam0,1782614372.068839788.png,1,轻度,inherited,1782614371.799572706
scene_0,1782614372.068839788,cam3,1782614372.068839788.png,1,轻度,manual,
scene_0,1782614372.332953691,cam0,1782614372.332953691.png,1,轻度,inherited,1782614372.068839788
scene_0,1782614372.332953691,cam3,1782614372.332953691.png,1,轻度,manual,
scene_0,1782614372.599425793,cam0,1782614372.599425793.png,1,轻度,inherited,1782614372.332953691
scene_0,1782614372.599425793,cam3,1782614372.599425793.png,1,轻度,manual,
scene_0,1782614372.861247063,cam0,1782614372.861247063.png,1,轻度,inherited,1782614372.599425793
scene_0,1782614372.861247063,cam3,1782614372.861247063.png,1,轻度,inherited,1782614372.599425793
scene_0,1782614373.114874601,cam0,1782614373.114874601.png,1,轻度,inherited,1782614372.861247063
scene_0,1782614373.114874601,cam3,1782614373.114874601.png,1,轻度,inherited,1782614372.861247063
scene_0,1782614373.114874601,cam5,1782614373.114874601.png,1,轻度,manual,
scene_0,1782614373.370664358,cam0,1782614373.370664358.png,1,轻度,inherited,1782614373.114874601
scene_0,1782614373.370664358,cam3,1782614373.370664358.png,1,轻度,inherited,1782614373.114874601
scene_0,1782614373.370664358,cam5,1782614373.370664358.png,1,轻度,inherited,1782614373.114874601
scene_0,1782614373.625264168,cam0,1782614373.625264168.png,1,轻度,inherited,1782614373.370664358
scene_0,1782614373.625264168,cam3,1782614373.625264168.png,1,轻度,inherited,1782614373.370664358
scene_0,1782614373.625264168,cam5,1782614373.625264168.png,1,轻度,inherited,1782614373.370664358
scene_0,1782614373.882245541,cam0,1782614373.882245541.png,1,轻度,inherited,1782614373.625264168
scene_0,1782614373.882245541,cam3,1782614373.882245541.png,1,轻度,inherited,1782614373.625264168
scene_0,1782614373.882245541,cam5,1782614373.882245541.png,1,轻度,inherited,1782614373.625264168
scene_0,1782614374.138425827,cam0,1782614374.138425827.png,1,轻度,inherited,1782614373.882245541
scene_0,1782614374.138425827,cam3,1782614374.138425827.png,1,轻度,inherited,1782614373.882245541
scene_0,1782614374.138425827,cam5,1782614374.138425827.png,1,轻度,inherited,1782614373.882245541
scene_0,1782614374.394991636,cam0,1782614374.394991636.png,1,轻度,inherited,1782614374.138425827
scene_0,1782614374.394991636,cam3,1782614374.394991636.png,1,轻度,inherited,1782614374.138425827
scene_0,1782614374.394991636,cam5,1782614374.394991636.png,1,轻度,inherited,1782614374.138425827
scene_0,1782614374.646505356,cam0,1782614374.646505356.png,1,轻度,inherited,1782614374.394991636
scene_0,1782614374.646505356,cam3,1782614374.646505356.png,1,轻度,inherited,1782614374.394991636
scene_0,1782614374.646505356,cam5,1782614374.646505356.png,1,轻度,inherited,1782614374.394991636
scene_0,1782614374.903548956,cam0,1782614374.903548956.png,2,中度,manual,
scene_0,1782614374.903548956,cam3,1782614374.903548956.png,1,轻度,inherited,1782614374.646505356
scene_0,1782614374.903548956,cam5,1782614374.903548956.png,1,轻度,inherited,1782614374.646505356
scene_0,1782614375.165527344,cam0,1782614375.165527344.png,2,中度,inherited,1782614374.903548956
scene_0,1782614375.165527344,cam3,1782614375.165527344.png,1,轻度,inherited,1782614374.903548956
scene_0,1782614375.165527344,cam5,1782614375.165527344.png,1,轻度,inherited,1782614374.903548956
scene_0,1782614375.417726040,cam0,1782614375.417726040.png,2,中度,inherited,1782614375.165527344
scene_0,1782614375.417726040,cam3,1782614375.417726040.png,1,轻度,inherited,1782614375.165527344
scene_0,1782614375.417726040,cam5,1782614375.417726040.png,1,轻度,inherited,1782614375.165527344
scene_0,1782614375.671146154,cam0,1782614375.671146154.png,2,中度,inherited,1782614375.417726040
scene_0,1782614375.671146154,cam3,1782614375.671146154.png,1,轻度,inherited,1782614375.417726040
scene_0,1782614375.671146154,cam5,1782614375.671146154.png,1,轻度,inherited,1782614375.417726040
scene_0,1782614375.924292803,cam0,1782614375.924292803.png,2,中度,inherited,1782614375.671146154
scene_0,1782614375.924292803,cam3,1782614375.924292803.png,1,轻度,inherited,1782614375.671146154
scene_0,1782614375.924292803,cam4,1782614375.924292803.png,1,轻度,manual,
scene_0,1782614375.924292803,cam5,1782614375.924292803.png,1,轻度,inherited,1782614375.671146154
scene_0,1782614376.180151939,cam0,1782614376.180151939.png,1,轻度,manual,
scene_0,1782614376.180151939,cam3,1782614376.180151939.png,1,轻度,inherited,1782614375.924292803
scene_0,1782614376.180151939,cam4,1782614376.180151939.png,1,轻度,manual,
scene_0,1782614376.180151939,cam5,1782614376.180151939.png,1,轻度,inherited,1782614375.924292803
scene_0,1782614376.442756176,cam0,1782614376.442756176.png,1,轻度,inherited,1782614376.180151939
scene_0,1782614376.442756176,cam3,1782614376.442756176.png,1,轻度,inherited,1782614376.180151939
scene_0,1782614376.442756176,cam4,1782614376.442756176.png,1,轻度,inherited,1782614376.180151939
scene_0,1782614376.442756176,cam5,1782614376.442756176.png,1,轻度,inherited,1782614376.180151939
scene_0,1782614376.708927393,cam0,1782614376.708927393.png,1,轻度,inherited,1782614376.442756176
scene_0,1782614376.708927393,cam3,1782614376.708927393.png,1,轻度,inherited,1782614376.442756176
scene_0,1782614376.708927393,cam4,1782614376.708927393.png,1,轻度,inherited,1782614376.442756176
scene_0,1782614376.708927393,cam5,1782614376.708927393.png,1,轻度,inherited,1782614376.442756176
scene_0,1782614376.968405724,cam0,1782614376.968405724.png,1,轻度,inherited,1782614376.708927393
scene_0,1782614376.968405724,cam3,1782614376.968405724.png,1,轻度,inherited,1782614376.708927393
scene_0,1782614376.968405724,cam4,1782614376.968405724.png,1,轻度,inherited,1782614376.708927393
scene_0,1782614376.968405724,cam5,1782614376.968405724.png,1,轻度,inherited,1782614376.708927393
scene_0,1782614377.223836660,cam0,1782614377.223836660.png,1,轻度,inherited,1782614376.968405724
scene_0,1782614377.223836660,cam3,1782614377.223836660.png,1,轻度,inherited,1782614376.968405724
scene_0,1782614377.223836660,cam4,1782614377.223836660.png,1,轻度,inherited,1782614376.968405724
scene_0,1782614377.223836660,cam5,1782614377.223836660.png,1,轻度,inherited,1782614376.968405724
scene_0,1782614377.479874849,cam0,1782614377.479874849.png,1,轻度,inherited,1782614377.223836660
scene_0,1782614377.479874849,cam3,1782614377.479874849.png,1,轻度,inherited,1782614377.223836660
scene_0,1782614377.479874849,cam4,1782614377.479874849.png,1,轻度,inherited,1782614377.223836660
scene_0,1782614377.479874849,cam5,1782614377.479874849.png,1,轻度,inherited,1782614377.223836660
scene_0,1782614377.734517574,cam0,1782614377.734517574.png,1,轻度,inherited,1782614377.479874849
scene_0,1782614377.734517574,cam3,1782614377.734517574.png,1,轻度,inherited,1782614377.479874849
scene_0,1782614377.734517574,cam4,1782614377.734517574.png,1,轻度,inherited,1782614377.479874849
scene_0,1782614377.734517574,cam5,1782614377.734517574.png,1,轻度,inherited,1782614377.479874849
scene_0,1782614377.991646051,cam0,1782614377.991646051.png,1,轻度,inherited,1782614377.734517574
scene_0,1782614377.991646051,cam3,1782614377.991646051.png,1,轻度,inherited,1782614377.734517574
scene_0,1782614377.991646051,cam4,1782614377.991646051.png,1,轻度,inherited,1782614377.734517574
scene_0,1782614377.991646051,cam5,1782614377.991646051.png,1,轻度,inherited,1782614377.734517574
scene_0,1782614378.244795084,cam0,1782614378.244795084.png,1,轻度,inherited,1782614377.991646051
scene_0,1782614378.244795084,cam3,1782614378.244795084.png,1,轻度,inherited,1782614377.991646051
scene_0,1782614378.244795084,cam4,1782614378.244795084.png,1,轻度,inherited,1782614377.991646051
scene_0,1782614378.244795084,cam5,1782614378.244795084.png,1,轻度,inherited,1782614377.991646051
scene_0,1782614378.501720667,cam0,1782614378.501720667.png,1,轻度,inherited,1782614378.244795084
scene_0,1782614378.501720667,cam3,1782614378.501720667.png,1,轻度,inherited,1782614378.244795084
scene_0,1782614378.501720667,cam4,1782614378.501720667.png,1,轻度,inherited,1782614378.244795084
scene_0,1782614378.761646032,cam0,1782614378.761646032.png,1,轻度,inherited,1782614378.501720667
scene_0,1782614378.761646032,cam3,1782614378.761646032.png,1,轻度,inherited,1782614378.501720667
scene_0,1782614378.761646032,cam4,1782614378.761646032.png,1,轻度,inherited,1782614378.501720667
scene_0,1782614379.013887405,cam0,1782614379.013887405.png,1,轻度,inherited,1782614378.761646032
scene_0,1782614379.013887405,cam3,1782614379.013887405.png,1,轻度,inherited,1782614378.761646032
scene_0,1782614379.013887405,cam4,1782614379.013887405.png,1,轻度,inherited,1782614378.761646032
scene_0,1782614379.268167019,cam0,1782614379.268167019.png,1,轻度,inherited,1782614379.013887405
scene_0,1782614379.268167019,cam3,1782614379.268167019.png,1,轻度,inherited,1782614379.013887405
scene_0,1782614379.268167019,cam4,1782614379.268167019.png,1,轻度,inherited,1782614379.013887405
scene_0,1782614379.522442102,cam0,1782614379.522442102.png,1,轻度,inherited,1782614379.268167019
scene_0,1782614379.522442102,cam3,1782614379.522442102.png,1,轻度,inherited,1782614379.268167019
scene_0,1782614379.522442102,cam4,1782614379.522442102.png,1,轻度,inherited,1782614379.268167019
scene_0,1782614379.775811434,cam0,1782614379.775811434.png,1,轻度,inherited,1782614379.522442102
scene_0,1782614379.775811434,cam3,1782614379.775811434.png,1,轻度,inherited,1782614379.522442102
scene_0,1782614379.775811434,cam4,1782614379.775811434.png,1,轻度,inherited,1782614379.522442102
scene_0,1782614380.025964022,cam0,1782614380.025964022.png,1,轻度,inherited,1782614379.775811434
scene_0,1782614380.025964022,cam3,1782614380.025964022.png,1,轻度,inherited,1782614379.775811434
scene_0,1782614380.025964022,cam4,1782614380.025964022.png,1,轻度,inherited,1782614379.775811434
scene_0,1782614380.275265694,cam0,1782614380.275265694.png,1,轻度,inherited,1782614380.025964022
scene_0,1782614380.275265694,cam3,1782614380.275265694.png,1,轻度,inherited,1782614380.025964022
scene_0,1782614380.275265694,cam4,1782614380.275265694.png,1,轻度,inherited,1782614380.025964022
scene_0,1782614380.528148174,cam0,1782614380.528148174.png,1,轻度,inherited,1782614380.275265694
scene_0,1782614380.528148174,cam3,1782614380.528148174.png,1,轻度,inherited,1782614380.275265694
scene_0,1782614380.528148174,cam4,1782614380.528148174.png,1,轻度,inherited,1782614380.275265694
scene_0,1782614380.786371231,cam0,1782614380.786371231.png,1,轻度,inherited,1782614380.528148174
scene_0,1782614380.786371231,cam3,1782614380.786371231.png,1,轻度,inherited,1782614380.528148174
scene_0,1782614380.786371231,cam4,1782614380.786371231.png,1,轻度,inherited,1782614380.528148174
scene_0,1782614381.056610584,cam0,1782614381.056610584.png,1,轻度,inherited,1782614380.786371231
scene_0,1782614381.056610584,cam3,1782614381.056610584.png,1,轻度,inherited,1782614380.786371231
scene_0,1782614381.056610584,cam4,1782614381.056610584.png,1,轻度,inherited,1782614380.786371231
scene_0,1782614381.326495171,cam0,1782614381.326495171.png,1,轻度,inherited,1782614381.056610584
scene_0,1782614381.326495171,cam3,1782614381.326495171.png,1,轻度,inherited,1782614381.056610584
scene_0,1782614381.326495171,cam4,1782614381.326495171.png,1,轻度,inherited,1782614381.056610584
scene_0,1782614381.589428663,cam0,1782614381.589428663.png,1,轻度,inherited,1782614381.326495171
scene_0,1782614381.589428663,cam3,1782614381.589428663.png,1,轻度,inherited,1782614381.326495171
scene_0,1782614381.589428663,cam4,1782614381.589428663.png,1,轻度,inherited,1782614381.326495171
scene_0,1782614381.849002600,cam0,1782614381.849002600.png,1,轻度,inherited,1782614381.589428663
scene_0,1782614381.849002600,cam3,1782614381.849002600.png,1,轻度,inherited,1782614381.589428663
scene_0,1782614381.849002600,cam4,1782614381.849002600.png,1,轻度,inherited,1782614381.589428663
scene_0,1782614382.121610880,cam0,1782614382.121610880.png,1,轻度,inherited,1782614381.849002600
scene_0,1782614382.121610880,cam3,1782614382.121610880.png,1,轻度,inherited,1782614381.849002600
scene_0,1782614382.121610880,cam4,1782614382.121610880.png,1,轻度,inherited,1782614381.849002600
scene_0,1782614382.388147354,cam0,1782614382.388147354.png,1,轻度,inherited,1782614382.121610880
scene_0,1782614382.388147354,cam3,1782614382.388147354.png,1,轻度,inherited,1782614382.121610880
scene_0,1782614382.388147354,cam4,1782614382.388147354.png,1,轻度,inherited,1782614382.121610880
scene_0,1782614382.651066780,cam0,1782614382.651066780.png,1,轻度,inherited,1782614382.388147354
scene_0,1782614382.651066780,cam3,1782614382.651066780.png,1,轻度,inherited,1782614382.388147354
scene_0,1782614382.651066780,cam4,1782614382.651066780.png,1,轻度,inherited,1782614382.388147354
scene_0,1782614382.919326305,cam0,1782614382.919326305.png,1,轻度,inherited,1782614382.651066780
scene_0,1782614382.919326305,cam3,1782614382.919326305.png,1,轻度,inherited,1782614382.651066780
scene_0,1782614382.919326305,cam4,1782614382.919326305.png,1,轻度,inherited,1782614382.651066780
scene_0,1782614383.181524515,cam0,1782614383.181524515.png,1,轻度,inherited,1782614382.919326305
scene_0,1782614383.181524515,cam3,1782614383.181524515.png,1,轻度,inherited,1782614382.919326305
scene_0,1782614383.181524515,cam4,1782614383.181524515.png,1,轻度,inherited,1782614382.919326305
scene_0,1782614383.444626093,cam0,1782614383.444626093.png,1,轻度,inherited,1782614383.181524515
scene_0,1782614383.444626093,cam3,1782614383.444626093.png,1,轻度,inherited,1782614383.181524515
scene_0,1782614383.444626093,cam4,1782614383.444626093.png,1,轻度,inherited,1782614383.181524515
scene_0,1782614383.711968422,cam0,1782614383.711968422.png,1,轻度,inherited,1782614383.444626093
scene_0,1782614383.711968422,cam3,1782614383.711968422.png,1,轻度,inherited,1782614383.444626093
scene_0,1782614383.711968422,cam4,1782614383.711968422.png,1,轻度,inherited,1782614383.444626093
scene_0,1782614383.973230124,cam0,1782614383.973230124.png,1,轻度,inherited,1782614383.711968422
scene_0,1782614383.973230124,cam3,1782614383.973230124.png,1,轻度,inherited,1782614383.711968422
scene_0,1782614383.973230124,cam4,1782614383.973230124.png,1,轻度,inherited,1782614383.711968422
scene_0,1782614384.236196280,cam0,1782614384.236196280.png,1,轻度,inherited,1782614383.973230124
scene_0,1782614384.236196280,cam3,1782614384.236196280.png,1,轻度,inherited,1782614383.973230124
scene_0,1782614384.236196280,cam4,1782614384.236196280.png,1,轻度,inherited,1782614383.973230124
scene_0,1782614384.493401289,cam0,1782614384.493401289.png,1,轻度,inherited,1782614384.236196280
scene_0,1782614384.493401289,cam3,1782614384.493401289.png,1,轻度,inherited,1782614384.236196280
scene_0,1782614384.493401289,cam4,1782614384.493401289.png,1,轻度,inherited,1782614384.236196280
scene_0,1782614384.746375561,cam0,1782614384.746375561.png,1,轻度,inherited,1782614384.493401289
scene_0,1782614384.746375561,cam3,1782614384.746375561.png,1,轻度,inherited,1782614384.493401289
scene_0,1782614384.746375561,cam4,1782614384.746375561.png,1,轻度,inherited,1782614384.493401289
scene_0,1782614385.003964186,cam0,1782614385.003964186.png,1,轻度,inherited,1782614384.746375561
scene_0,1782614385.003964186,cam3,1782614385.003964186.png,1,轻度,inherited,1782614384.746375561
scene_0,1782614385.003964186,cam4,1782614385.003964186.png,1,轻度,inherited,1782614384.746375561
scene_0,1782614385.258911848,cam0,1782614385.258911848.png,1,轻度,inherited,1782614385.003964186
scene_0,1782614385.258911848,cam3,1782614385.258911848.png,1,轻度,inherited,1782614385.003964186
scene_0,1782614385.258911848,cam4,1782614385.258911848.png,1,轻度,inherited,1782614385.003964186
scene_0,1782614385.514306068,cam0,1782614385.514306068.png,1,轻度,inherited,1782614385.258911848
scene_0,1782614385.514306068,cam3,1782614385.514306068.png,1,轻度,inherited,1782614385.258911848
scene_0,1782614385.770021439,cam0,1782614385.770021439.png,1,轻度,inherited,1782614385.514306068
scene_0,1782614385.770021439,cam3,1782614385.770021439.png,1,轻度,inherited,1782614385.514306068
scene_0,1782614386.028570652,cam0,1782614386.028570652.png,1,轻度,inherited,1782614385.770021439
scene_0,1782614386.028570652,cam3,1782614386.028570652.png,1,轻度,inherited,1782614385.770021439
scene_0,1782614386.280508041,cam0,1782614386.280508041.png,1,轻度,inherited,1782614386.028570652
scene_0,1782614386.280508041,cam3,1782614386.280508041.png,1,轻度,inherited,1782614386.028570652
scene_0,1782614386.541060448,cam0,1782614386.541060448.png,1,轻度,inherited,1782614386.280508041
scene_0,1782614386.541060448,cam3,1782614386.541060448.png,1,轻度,inherited,1782614386.280508041
scene_0,1782614386.812285423,cam0,1782614386.812285423.png,1,轻度,inherited,1782614386.541060448
scene_0,1782614386.812285423,cam3,1782614386.812285423.png,1,轻度,inherited,1782614386.541060448
scene_0,1782614387.069149733,cam0,1782614387.069149733.png,1,轻度,inherited,1782614386.812285423
scene_0,1782614387.069149733,cam3,1782614387.069149733.png,1,轻度,inherited,1782614386.812285423
scene_0,1782614387.326107264,cam0,1782614387.326107264.png,1,轻度,inherited,1782614387.069149733
scene_0,1782614387.326107264,cam3,1782614387.326107264.png,1,轻度,inherited,1782614387.069149733
scene_0,1782614387.576106787,cam0,1782614387.576106787.png,1,轻度,inherited,1782614387.326107264
scene_0,1782614387.576106787,cam3,1782614387.576106787.png,1,轻度,inherited,1782614387.326107264
scene_0,1782614387.832753181,cam0,1782614387.832753181.png,1,轻度,inherited,1782614387.576106787
scene_0,1782614387.832753181,cam3,1782614387.832753181.png,1,轻度,inherited,1782614387.576106787
scene_0,1782614388.092647076,cam0,1782614388.092647076.png,1,轻度,inherited,1782614387.832753181
scene_0,1782614388.092647076,cam3,1782614388.092647076.png,1,轻度,inherited,1782614387.832753181
scene_0,1782614388.345349312,cam0,1782614388.345349312.png,1,轻度,inherited,1782614388.092647076
scene_0,1782614388.345349312,cam3,1782614388.345349312.png,1,轻度,inherited,1782614388.092647076
scene_0,1782614388.601461649,cam0,1782614388.601461649.png,1,轻度,inherited,1782614388.345349312
scene_0,1782614388.601461649,cam3,1782614388.601461649.png,1,轻度,inherited,1782614388.345349312
scene_0,1782614388.852347136,cam0,1782614388.852347136.png,1,轻度,inherited,1782614388.601461649
scene_0,1782614388.852347136,cam3,1782614388.852347136.png,1,轻度,inherited,1782614388.601461649
scene_0,1782614389.111822367,cam0,1782614389.111822367.png,1,轻度,inherited,1782614388.852347136
scene_0,1782614389.111822367,cam3,1782614389.111822367.png,1,轻度,inherited,1782614388.852347136
scene_0,1782614389.367603779,cam3,1782614389.367603779.png,1,轻度,inherited,1782614389.111822367
scene_0,1782614389.622698069,cam3,1782614389.622698069.png,1,轻度,inherited,1782614389.367603779
scene_0,1782614389.875258684,cam3,1782614389.875258684.png,1,轻度,inherited,1782614389.622698069
scene_0,1782614390.124576569,cam3,1782614390.124576569.png,1,轻度,inherited,1782614389.875258684
scene_0,1782614390.378428698,cam3,1782614390.378428698.png,1,轻度,inherited,1782614390.124576569
scene_0,1782614390.630442142,cam3,1782614390.630442142.png,1,轻度,inherited,1782614390.378428698
scene_0,1782614390.883052111,cam3,1782614390.883052111.png,1,轻度,inherited,1782614390.630442142
scene_0,1782614391.134454966,cam3,1782614391.134454966.png,1,轻度,inherited,1782614390.883052111
scene_0,1782614391.393244743,cam3,1782614391.393244743.png,1,轻度,inherited,1782614391.134454966
scene_0,1782614391.644792795,cam3,1782614391.644792795.png,1,轻度,inherited,1782614391.393244743
scene_0,1782614391.900219202,cam3,1782614391.900219202.png,1,轻度,inherited,1782614391.644792795
scene_0,1782614392.152667761,cam3,1782614392.152667761.png,1,轻度,inherited,1782614391.900219202
scene_0,1782614392.414394140,cam3,1782614392.414394140.png,1,轻度,inherited,1782614392.152667761
scene_0,1782614392.674852133,cam3,1782614392.674852133.png,1,轻度,inherited,1782614392.414394140
scene_0,1782614392.934433460,cam3,1782614392.934433460.png,1,轻度,inherited,1782614392.674852133
scene_0,1782614393.197158813,cam3,1782614393.197158813.png,1,轻度,inherited,1782614392.934433460
scene_0,1782614393.454955339,cam3,1782614393.454955339.png,1,轻度,inherited,1782614393.197158813
scene_0,1782614393.717573166,cam3,1782614393.717573166.png,1,轻度,inherited,1782614393.454955339
scene_0,1782614393.976610661,cam3,1782614393.976610661.png,1,轻度,inherited,1782614393.717573166
scene_0,1782614394.234020710,cam3,1782614394.234020710.png,1,轻度,inherited,1782614393.976610661
scene_0,1782614404.984601021,cam0,1782614404.984601021.png,1,轻度,manual,
scene_0,1782614405.246049643,cam0,1782614405.246049643.png,1,轻度,inherited,1782614404.984601021
scene_0,1782614405.511901379,cam0,1782614405.511901379.png,1,轻度,inherited,1782614405.246049643
scene_0,1782614405.771484375,cam0,1782614405.771484375.png,1,轻度,inherited,1782614405.511901379
scene_0,1782614406.033622503,cam0,1782614406.033622503.png,1,轻度,inherited,1782614405.771484375
scene_0,1782614406.298810959,cam0,1782614406.298810959.png,1,轻度,inherited,1782614406.033622503
scene_0,1782614406.563125849,cam0,1782614406.563125849.png,1,轻度,inherited,1782614406.298810959
scene_0,1782614406.822124720,cam0,1782614406.822124720.png,1,轻度,inherited,1782614406.563125849
scene_0,1782614407.082925320,cam0,1782614407.082925320.png,1,轻度,inherited,1782614406.822124720
scene_0,1782614407.344308853,cam0,1782614407.344308853.png,1,轻度,inherited,1782614407.082925320
scene_0,1782614407.610809088,cam0,1782614407.610809088.png,1,轻度,inherited,1782614407.344308853
scene_0,1782614407.866893530,cam0,1782614407.866893530.png,1,轻度,inherited,1782614407.610809088
scene_0,1782614408.119302988,cam0,1782614408.119302988.png,1,轻度,inherited,1782614407.866893530
scene_0,1782614408.371672392,cam0,1782614408.371672392.png,1,轻度,inherited,1782614408.119302988
scene_0,1782614408.622711182,cam0,1782614408.622711182.png,1,轻度,inherited,1782614408.371672392
scene_0,1782614408.877040386,cam0,1782614408.877040386.png,1,轻度,inherited,1782614408.622711182
scene_0,1782614409.129138470,cam0,1782614409.129138470.png,1,轻度,inherited,1782614408.877040386
scene_0,1782614409.389180899,cam0,1782614409.389180899.png,1,轻度,inherited,1782614409.129138470
scene_0,1782614409.640302658,cam0,1782614409.640302658.png,1,轻度,inherited,1782614409.389180899
scene_0,1782614409.894723177,cam0,1782614409.894723177.png,1,轻度,inherited,1782614409.640302658
scene_0,1782614410.149942636,cam0,1782614410.149942636.png,1,轻度,inherited,1782614409.894723177
scene_0,1782614410.407866716,cam0,1782614410.407866716.png,1,轻度,inherited,1782614410.149942636
scene_0,1782614410.661942005,cam0,1782614410.661942005.png,1,轻度,inherited,1782614410.407866716
scene_0,1782614410.912444592,cam0,1782614410.912444592.png,1,轻度,inherited,1782614410.661942005
scene_0,1782614411.166046858,cam0,1782614411.166046858.png,1,轻度,inherited,1782614410.912444592
scene_0,1782614411.427586079,cam0,1782614411.427586079.png,1,轻度,inherited,1782614411.166046858
scene_0,1782614411.680655241,cam0,1782614411.680655241.png,1,轻度,inherited,1782614411.427586079
scene_0,1782614411.931444645,cam0,1782614411.931444645.png,1,轻度,inherited,1782614411.680655241
scene_0,1782614412.187740326,cam0,1782614412.187740326.png,1,轻度,inherited,1782614411.931444645
scene_0,1782614412.440817356,cam0,1782614412.440817356.png,1,轻度,inherited,1782614412.187740326
scene_0,1782614412.702044487,cam0,1782614412.702044487.png,1,轻度,inherited,1782614412.440817356
scene_0,1782614412.960150242,cam0,1782614412.960150242.png,1,轻度,inherited,1782614412.702044487
scene_0,1782614413.213020802,cam0,1782614413.213020802.png,1,轻度,inherited,1782614412.960150242
scene_0,1782614413.465532541,cam0,1782614413.465532541.png,1,轻度,inherited,1782614413.213020802
scene_0,1782614413.720705509,cam0,1782614413.720705509.png,1,轻度,inherited,1782614413.465532541
scene_0,1782614413.976330042,cam0,1782614413.976330042.png,1,轻度,inherited,1782614413.720705509
scene_0,1782614414.233027935,cam0,1782614414.233027935.png,1,轻度,inherited,1782614413.976330042
scene_0,1782614414.487409353,cam0,1782614414.487409353.png,1,轻度,inherited,1782614414.233027935
scene_0,1782614414.734667063,cam0,1782614414.734667063.png,1,轻度,inherited,1782614414.487409353
scene_0,1782614414.998935223,cam0,1782614414.998935223.png,1,轻度,inherited,1782614414.734667063
scene_0,1782614415.259987593,cam0,1782614415.259987593.png,1,轻度,inherited,1782614414.998935223
scene_0,1782614415.517250061,cam0,1782614415.517250061.png,1,轻度,inherited,1782614415.259987593
scene_0,1782614415.776979923,cam0,1782614415.776979923.png,1,轻度,inherited,1782614415.517250061
scene_0,1782614416.033093929,cam0,1782614416.033093929.png,1,轻度,inherited,1782614415.776979923
scene_0,1782614416.293880224,cam0,1782614416.293880224.png,1,轻度,inherited,1782614416.033093929
scene_0,1782614416.554475546,cam0,1782614416.554475546.png,1,轻度,inherited,1782614416.293880224
scene_0,1782614416.820507050,cam0,1782614416.820507050.png,1,轻度,inherited,1782614416.554475546
scene_0,1782614417.080394745,cam0,1782614417.080394745.png,1,轻度,inherited,1782614416.820507050
scene_0,1782614417.338958263,cam0,1782614417.338958263.png,1,轻度,inherited,1782614417.080394745
scene_0,1782614417.598729372,cam0,1782614417.598729372.png,1,轻度,inherited,1782614417.338958263
scene_0,1782614417.859708786,cam0,1782614417.859708786.png,1,轻度,inherited,1782614417.598729372
scene_0,1782614417.859708786,cam5,1782614417.859708786.png,1,轻度,manual,
scene_0,1782614418.123825550,cam0,1782614418.123825550.png,1,轻度,inherited,1782614417.859708786
scene_0,1782614418.123825550,cam5,1782614418.123825550.png,1,轻度,inherited,1782614417.859708786
scene_0,1782614418.384424925,cam0,1782614418.384424925.png,1,轻度,inherited,1782614418.123825550
scene_0,1782614418.384424925,cam5,1782614418.384424925.png,1,轻度,inherited,1782614418.123825550
scene_0,1782614418.645897150,cam0,1782614418.645897150.png,1,轻度,inherited,1782614418.384424925
scene_0,1782614418.645897150,cam5,1782614418.645897150.png,1,轻度,inherited,1782614418.384424925
scene_0,1782614418.914714098,cam0,1782614418.914714098.png,1,轻度,inherited,1782614418.645897150
scene_0,1782614418.914714098,cam5,1782614418.914714098.png,1,轻度,inherited,1782614418.645897150
scene_0,1782614419.180335045,cam0,1782614419.180335045.png,1,轻度,inherited,1782614418.914714098
scene_0,1782614419.180335045,cam5,1782614419.180335045.png,1,轻度,inherited,1782614418.914714098
scene_0,1782614419.435557842,cam0,1782614419.435557842.png,1,轻度,inherited,1782614419.180335045
scene_0,1782614419.435557842,cam5,1782614419.435557842.png,1,轻度,inherited,1782614419.180335045
scene_0,1782614419.691493988,cam0,1782614419.691493988.png,1,轻度,inherited,1782614419.435557842
scene_0,1782614419.691493988,cam5,1782614419.691493988.png,1,轻度,inherited,1782614419.435557842
scene_0,1782614419.952634096,cam0,1782614419.952634096.png,1,轻度,inherited,1782614419.691493988
scene_0,1782614419.952634096,cam4,1782614419.952634096.png,1,轻度,manual,
scene_0,1782614419.952634096,cam5,1782614419.952634096.png,1,轻度,inherited,1782614419.691493988
scene_0,1782614420.208623409,cam0,1782614420.208623409.png,1,轻度,inherited,1782614419.952634096
scene_0,1782614420.208623409,cam4,1782614420.208623409.png,1,轻度,inherited,1782614419.952634096
scene_0,1782614420.208623409,cam5,1782614420.208623409.png,1,轻度,inherited,1782614419.952634096
scene_0,1782614420.460658312,cam0,1782614420.460658312.png,1,轻度,inherited,1782614420.208623409
scene_0,1782614420.460658312,cam4,1782614420.460658312.png,1,轻度,inherited,1782614420.208623409
scene_0,1782614420.460658312,cam5,1782614420.460658312.png,1,轻度,inherited,1782614420.208623409
scene_0,1782614420.714242220,cam0,1782614420.714242220.png,1,轻度,inherited,1782614420.460658312
scene_0,1782614420.714242220,cam4,1782614420.714242220.png,1,轻度,inherited,1782614420.460658312
scene_0,1782614420.714242220,cam5,1782614420.714242220.png,1,轻度,inherited,1782614420.460658312
scene_0,1782614420.969887495,cam0,1782614420.969887495.png,1,轻度,inherited,1782614420.714242220
scene_0,1782614420.969887495,cam4,1782614420.969887495.png,1,轻度,inherited,1782614420.714242220
scene_0,1782614420.969887495,cam5,1782614420.969887495.png,1,轻度,inherited,1782614420.714242220
scene_0,1782614421.222581863,cam0,1782614421.222581863.png,1,轻度,inherited,1782614420.969887495
scene_0,1782614421.222581863,cam4,1782614421.222581863.png,1,轻度,inherited,1782614420.969887495
scene_0,1782614421.222581863,cam5,1782614421.222581863.png,1,轻度,inherited,1782614420.969887495
scene_0,1782614421.476707697,cam0,1782614421.476707697.png,1,轻度,inherited,1782614421.222581863
scene_0,1782614421.476707697,cam4,1782614421.476707697.png,1,轻度,inherited,1782614421.222581863
scene_0,1782614421.476707697,cam5,1782614421.476707697.png,1,轻度,inherited,1782614421.222581863
scene_0,1782614421.728061438,cam0,1782614421.728061438.png,1,轻度,inherited,1782614421.476707697
scene_0,1782614421.728061438,cam3,1782614421.728061438.png,1,轻度,manual,
scene_0,1782614421.728061438,cam4,1782614421.728061438.png,1,轻度,inherited,1782614421.476707697
scene_0,1782614421.728061438,cam5,1782614421.728061438.png,1,轻度,inherited,1782614421.476707697
scene_0,1782614421.980087519,cam0,1782614421.980087519.png,1,轻度,inherited,1782614421.728061438
scene_0,1782614421.980087519,cam3,1782614421.980087519.png,1,轻度,inherited,1782614421.728061438
scene_0,1782614421.980087519,cam4,1782614421.980087519.png,1,轻度,inherited,1782614421.728061438
scene_0,1782614421.980087519,cam5,1782614421.980087519.png,1,轻度,inherited,1782614421.728061438
scene_0,1782614422.233057976,cam0,1782614422.233057976.png,1,轻度,inherited,1782614421.980087519
scene_0,1782614422.233057976,cam3,1782614422.233057976.png,1,轻度,inherited,1782614421.980087519
scene_0,1782614422.233057976,cam4,1782614422.233057976.png,1,轻度,inherited,1782614421.980087519
scene_0,1782614422.487633467,cam0,1782614422.487633467.png,1,轻度,inherited,1782614422.233057976
scene_0,1782614422.487633467,cam3,1782614422.487633467.png,1,轻度,inherited,1782614422.233057976
scene_0,1782614422.487633467,cam4,1782614422.487633467.png,1,轻度,inherited,1782614422.233057976
scene_0,1782614422.742863417,cam0,1782614422.742863417.png,1,轻度,inherited,1782614422.487633467
scene_0,1782614422.742863417,cam3,1782614422.742863417.png,1,轻度,inherited,1782614422.487633467
scene_0,1782614422.742863417,cam4,1782614422.742863417.png,1,轻度,inherited,1782614422.487633467
scene_0,1782614422.999006033,cam0,1782614422.999006033.png,1,轻度,inherited,1782614422.742863417
scene_0,1782614422.999006033,cam3,1782614422.999006033.png,1,轻度,inherited,1782614422.742863417
scene_0,1782614422.999006033,cam4,1782614422.999006033.png,1,轻度,inherited,1782614422.742863417
scene_0,1782614423.248937607,cam0,1782614423.248937607.png,1,轻度,inherited,1782614422.999006033
scene_0,1782614423.248937607,cam3,1782614423.248937607.png,1,轻度,inherited,1782614422.999006033
scene_0,1782614423.248937607,cam4,1782614423.248937607.png,1,轻度,inherited,1782614422.999006033
scene_0,1782614423.502661467,cam0,1782614423.502661467.png,1,轻度,inherited,1782614423.248937607
scene_0,1782614423.502661467,cam3,1782614423.502661467.png,1,轻度,inherited,1782614423.248937607
scene_0,1782614423.502661467,cam4,1782614423.502661467.png,1,轻度,inherited,1782614423.248937607
scene_0,1782614423.752816439,cam0,1782614423.752816439.png,1,轻度,inherited,1782614423.502661467
scene_0,1782614423.752816439,cam3,1782614423.752816439.png,1,轻度,inherited,1782614423.502661467
scene_0,1782614423.752816439,cam4,1782614423.752816439.png,1,轻度,inherited,1782614423.502661467
scene_0,1782614424.010635376,cam0,1782614424.010635376.png,1,轻度,inherited,1782614423.752816439
scene_0,1782614424.010635376,cam3,1782614424.010635376.png,1,轻度,inherited,1782614423.752816439
scene_0,1782614424.010635376,cam4,1782614424.010635376.png,1,轻度,inherited,1782614423.752816439
scene_0,1782614424.266995192,cam0,1782614424.266995192.png,1,轻度,inherited,1782614424.010635376
scene_0,1782614424.266995192,cam3,1782614424.266995192.png,1,轻度,inherited,1782614424.010635376
scene_0,1782614424.266995192,cam4,1782614424.266995192.png,1,轻度,inherited,1782614424.010635376
scene_0,1782614424.517922401,cam0,1782614424.517922401.png,1,轻度,inherited,1782614424.266995192
scene_0,1782614424.517922401,cam3,1782614424.517922401.png,1,轻度,inherited,1782614424.266995192
scene_0,1782614424.517922401,cam4,1782614424.517922401.png,1,轻度,inherited,1782614424.266995192
scene_0,1782614424.769476891,cam0,1782614424.769476891.png,1,轻度,inherited,1782614424.517922401
scene_0,1782614424.769476891,cam3,1782614424.769476891.png,1,轻度,inherited,1782614424.517922401
scene_0,1782614424.769476891,cam4,1782614424.769476891.png,1,轻度,inherited,1782614424.517922401
scene_0,1782614425.019513607,cam0,1782614425.019513607.png,1,轻度,inherited,1782614424.769476891
scene_0,1782614425.019513607,cam3,1782614425.019513607.png,1,轻度,inherited,1782614424.769476891
scene_0,1782614425.019513607,cam4,1782614425.019513607.png,1,轻度,inherited,1782614424.769476891
scene_0,1782614425.273892403,cam0,1782614425.273892403.png,1,轻度,inherited,1782614425.019513607
scene_0,1782614425.273892403,cam3,1782614425.273892403.png,1,轻度,inherited,1782614425.019513607
scene_0,1782614425.528898716,cam0,1782614425.528898716.png,1,轻度,inherited,1782614425.273892403
scene_0,1782614425.528898716,cam3,1782614425.528898716.png,1,轻度,inherited,1782614425.273892403
scene_0,1782614425.782644033,cam0,1782614425.782644033.png,1,轻度,inherited,1782614425.528898716
scene_0,1782614425.782644033,cam3,1782614425.782644033.png,1,轻度,inherited,1782614425.528898716
scene_0,1782614426.034952164,cam0,1782614426.034952164.png,1,轻度,inherited,1782614425.782644033
scene_0,1782614426.034952164,cam3,1782614426.034952164.png,1,轻度,inherited,1782614425.782644033
scene_0,1782614426.289215088,cam0,1782614426.289215088.png,1,轻度,inherited,1782614426.034952164
scene_0,1782614426.289215088,cam3,1782614426.289215088.png,1,轻度,inherited,1782614426.034952164
scene_0,1782614426.539360046,cam0,1782614426.539360046.png,1,轻度,inherited,1782614426.289215088
scene_0,1782614426.539360046,cam3,1782614426.539360046.png,1,轻度,inherited,1782614426.289215088
scene_0,1782614426.793534279,cam0,1782614426.793534279.png,1,轻度,inherited,1782614426.539360046
scene_0,1782614426.793534279,cam3,1782614426.793534279.png,1,轻度,inherited,1782614426.539360046
scene_0,1782614427.049226046,cam0,1782614427.049226046.png,1,轻度,inherited,1782614426.793534279
scene_0,1782614427.049226046,cam3,1782614427.049226046.png,1,轻度,inherited,1782614426.793534279
scene_0,1782614427.320166349,cam0,1782614427.320166349.png,1,轻度,inherited,1782614427.049226046
scene_0,1782614427.320166349,cam3,1782614427.320166349.png,1,轻度,inherited,1782614427.049226046
scene_0,1782614427.584552526,cam0,1782614427.584552526.png,1,轻度,inherited,1782614427.320166349
scene_0,1782614427.584552526,cam3,1782614427.584552526.png,1,轻度,inherited,1782614427.320166349
scene_0,1782614427.842605114,cam0,1782614427.842605114.png,1,轻度,inherited,1782614427.584552526
scene_0,1782614427.842605114,cam3,1782614427.842605114.png,1,轻度,inherited,1782614427.584552526
scene_0,1782614428.106923580,cam0,1782614428.106923580.png,1,轻度,inherited,1782614427.842605114
scene_0,1782614428.106923580,cam3,1782614428.106923580.png,1,轻度,inherited,1782614427.842605114
scene_0,1782614428.370038748,cam0,1782614428.370038748.png,1,轻度,inherited,1782614428.106923580
scene_0,1782614428.370038748,cam3,1782614428.370038748.png,1,轻度,inherited,1782614428.106923580
scene_0,1782614428.632300377,cam0,1782614428.632300377.png,1,轻度,inherited,1782614428.370038748
scene_0,1782614428.632300377,cam3,1782614428.632300377.png,1,轻度,inherited,1782614428.370038748
scene_0,1782614428.890693188,cam0,1782614428.890693188.png,1,轻度,inherited,1782614428.632300377
scene_0,1782614428.890693188,cam3,1782614428.890693188.png,1,轻度,inherited,1782614428.632300377
scene_0,1782614429.148241282,cam0,1782614429.148241282.png,1,轻度,inherited,1782614428.890693188
scene_0,1782614429.148241282,cam3,1782614429.148241282.png,1,轻度,inherited,1782614428.890693188
scene_0,1782614429.412341356,cam0,1782614429.412341356.png,1,轻度,inherited,1782614429.148241282
scene_0,1782614429.412341356,cam3,1782614429.412341356.png,1,轻度,inherited,1782614429.148241282
scene_0,1782614429.670770168,cam0,1782614429.670770168.png,1,轻度,inherited,1782614429.412341356
scene_0,1782614429.670770168,cam3,1782614429.670770168.png,1,轻度,inherited,1782614429.412341356
scene_0,1782614429.931248426,cam0,1782614429.931248426.png,1,轻度,inherited,1782614429.670770168
scene_0,1782614429.931248426,cam3,1782614429.931248426.png,1,轻度,inherited,1782614429.670770168
scene_0,1782614430.191679716,cam0,1782614430.191679716.png,1,轻度,inherited,1782614429.931248426
scene_0,1782614430.191679716,cam3,1782614430.191679716.png,1,轻度,inherited,1782614429.931248426
scene_0,1782614430.450980663,cam0,1782614430.450980663.png,1,轻度,inherited,1782614430.191679716
scene_0,1782614430.450980663,cam3,1782614430.450980663.png,1,轻度,inherited,1782614430.191679716
scene_0,1782614430.710718632,cam0,1782614430.710718632.png,1,轻度,inherited,1782614430.450980663
scene_0,1782614430.710718632,cam3,1782614430.710718632.png,1,轻度,inherited,1782614430.450980663
scene_0,1782614430.960817814,cam0,1782614430.960817814.png,1,轻度,inherited,1782614430.710718632
scene_0,1782614430.960817814,cam3,1782614430.960817814.png,1,轻度,inherited,1782614430.710718632
scene_0,1782614431.222210646,cam0,1782614431.222210646.png,1,轻度,inherited,1782614430.960817814
scene_0,1782614431.222210646,cam3,1782614431.222210646.png,1,轻度,inherited,1782614430.960817814
scene_0,1782614431.476363659,cam0,1782614431.476363659.png,1,轻度,inherited,1782614431.222210646
scene_0,1782614431.476363659,cam3,1782614431.476363659.png,1,轻度,inherited,1782614431.222210646
scene_0,1782614431.727551460,cam0,1782614431.727551460.png,1,轻度,inherited,1782614431.476363659
scene_0,1782614431.727551460,cam3,1782614431.727551460.png,1,轻度,inherited,1782614431.476363659
scene_0,1782614431.979973793,cam0,1782614431.979973793.png,1,轻度,inherited,1782614431.727551460
scene_0,1782614431.979973793,cam3,1782614431.979973793.png,1,轻度,inherited,1782614431.727551460
scene_0,1782614432.234265089,cam0,1782614432.234265089.png,1,轻度,inherited,1782614431.979973793
scene_0,1782614432.485716105,cam0,1782614432.485716105.png,1,轻度,inherited,1782614432.234265089
scene_0,1782614432.737081766,cam0,1782614432.737081766.png,1,轻度,inherited,1782614432.485716105
scene_0,1782614432.997691870,cam0,1782614432.997691870.png,1,轻度,inherited,1782614432.737081766
scene_0,1782614433.261255026,cam0,1782614433.261255026.png,1,轻度,inherited,1782614432.997691870
scene_0,1782614433.513835907,cam0,1782614433.513835907.png,1,轻度,inherited,1782614433.261255026
scene_0,1782614433.766004801,cam0,1782614433.766004801.png,1,轻度,inherited,1782614433.513835907
scene_0,1782614434.016623735,cam0,1782614434.016623735.png,1,轻度,inherited,1782614433.766004801
scene_0,1782614434.269894838,cam0,1782614434.269894838.png,1,轻度,inherited,1782614434.016623735
scene_0,1782614434.525202274,cam0,1782614434.525202274.png,1,轻度,inherited,1782614434.269894838
scene_0,1782614434.778954268,cam0,1782614434.778954268.png,1,轻度,inherited,1782614434.525202274
scene_0,1782614435.028729439,cam0,1782614435.028729439.png,1,轻度,inherited,1782614434.778954268
scene_0,1782614435.276832342,cam0,1782614435.276832342.png,1,轻度,inherited,1782614435.028729439
scene_0,1782614435.528397799,cam0,1782614435.528397799.png,1,轻度,inherited,1782614435.276832342
scene_0,1782614435.782614946,cam0,1782614435.782614946.png,1,轻度,inherited,1782614435.528397799
scene_0,1782614436.039026022,cam0,1782614436.039026022.png,1,轻度,inherited,1782614435.782614946
scene_0,1782614436.293871880,cam0,1782614436.293871880.png,1,轻度,inherited,1782614436.039026022
scene_0,1782614436.542811632,cam0,1782614436.542811632.png,1,轻度,inherited,1782614436.293871880
scene_0,1782614436.799813509,cam0,1782614436.799813509.png,1,轻度,inherited,1782614436.542811632
scene_0,1782614437.063506126,cam0,1782614437.063506126.png,1,轻度,inherited,1782614436.799813509
scene_0,1782614437.319665909,cam0,1782614437.319665909.png,1,轻度,inherited,1782614437.063506126
scene_0,1782614437.571829081,cam0,1782614437.571829081.png,1,轻度,inherited,1782614437.319665909
scene_0,1782614437.823706627,cam0,1782614437.823706627.png,1,轻度,inherited,1782614437.571829081
scene_0,1782614438.072979689,cam0,1782614438.072979689.png,1,轻度,inherited,1782614437.823706627
scene_0,1782614438.326692581,cam0,1782614438.326692581.png,2,中度,manual,
scene_0,1782614438.575410604,cam0,1782614438.575410604.png,2,中度,inherited,1782614438.326692581
scene_0,1782614438.838064194,cam0,1782614438.838064194.png,2,中度,inherited,1782614438.575410604
scene_0,1782614439.104164600,cam0,1782614439.104164600.png,2,中度,inherited,1782614438.838064194
scene_0,1782614439.367610216,cam0,1782614439.367610216.png,2,中度,inherited,1782614439.104164600
scene_0,1782614439.627765656,cam0,1782614439.627765656.png,2,中度,inherited,1782614439.367610216
scene_0,1782614439.627765656,cam3,1782614439.627765656.png,1,轻度,manual,
scene_0,1782614439.899623394,cam0,1782614439.899623394.png,2,中度,inherited,1782614439.627765656
scene_0,1782614439.899623394,cam3,1782614439.899623394.png,1,轻度,inherited,1782614439.627765656
scene_0,1782614440.165692091,cam0,1782614440.165692091.png,2,中度,inherited,1782614439.899623394
scene_0,1782614440.165692091,cam3,1782614440.165692091.png,1,轻度,inherited,1782614439.899623394
scene_0,1782614440.430287361,cam0,1782614440.430287361.png,2,中度,inherited,1782614440.165692091
scene_0,1782614440.430287361,cam3,1782614440.430287361.png,1,轻度,inherited,1782614440.165692091
scene_0,1782614440.703625441,cam0,1782614440.703625441.png,2,中度,inherited,1782614440.430287361
scene_0,1782614440.703625441,cam3,1782614440.703625441.png,1,轻度,inherited,1782614440.430287361
scene_0,1782614440.966747284,cam0,1782614440.966747284.png,2,中度,inherited,1782614440.703625441
scene_0,1782614440.966747284,cam3,1782614440.966747284.png,1,轻度,inherited,1782614440.703625441
scene_0,1782614441.229698420,cam0,1782614441.229698420.png,2,中度,inherited,1782614440.966747284
scene_0,1782614441.229698420,cam3,1782614441.229698420.png,1,轻度,inherited,1782614440.966747284
scene_0,1782614441.487334728,cam0,1782614441.487334728.png,2,中度,inherited,1782614441.229698420
scene_0,1782614441.487334728,cam3,1782614441.487334728.png,1,轻度,inherited,1782614441.229698420
scene_0,1782614441.749550581,cam0,1782614441.749550581.png,2,中度,inherited,1782614441.487334728
scene_0,1782614441.749550581,cam3,1782614441.749550581.png,1,轻度,inherited,1782614441.487334728
scene_0,1782614442.013546467,cam0,1782614442.013546467.png,2,中度,inherited,1782614441.749550581
scene_0,1782614442.013546467,cam3,1782614442.013546467.png,1,轻度,inherited,1782614441.749550581
scene_0,1782614442.013546467,cam4,1782614442.013546467.png,1,轻度,manual,
scene_0,1782614442.270724058,cam0,1782614442.270724058.png,2,中度,inherited,1782614442.013546467
scene_0,1782614442.270724058,cam3,1782614442.270724058.png,1,轻度,inherited,1782614442.013546467
scene_0,1782614442.270724058,cam4,1782614442.270724058.png,1,轻度,manual,
scene_0,1782614442.520307541,cam0,1782614442.520307541.png,2,中度,inherited,1782614442.270724058
scene_0,1782614442.520307541,cam3,1782614442.520307541.png,1,轻度,inherited,1782614442.270724058
scene_0,1782614442.520307541,cam4,1782614442.520307541.png,1,轻度,inherited,1782614442.270724058
scene_0,1782614442.774350882,cam0,1782614442.774350882.png,2,中度,inherited,1782614442.520307541
scene_0,1782614442.774350882,cam3,1782614442.774350882.png,1,轻度,inherited,1782614442.520307541
scene_0,1782614442.774350882,cam4,1782614442.774350882.png,1,轻度,inherited,1782614442.520307541
scene_0,1782614443.025767803,cam0,1782614443.025767803.png,2,中度,inherited,1782614442.774350882
scene_0,1782614443.025767803,cam3,1782614443.025767803.png,1,轻度,inherited,1782614442.774350882
scene_0,1782614443.025767803,cam4,1782614443.025767803.png,1,轻度,inherited,1782614442.774350882
scene_0,1782614443.275607586,cam0,1782614443.275607586.png,2,中度,inherited,1782614443.025767803
scene_0,1782614443.275607586,cam3,1782614443.275607586.png,1,轻度,inherited,1782614443.025767803
scene_0,1782614443.275607586,cam4,1782614443.275607586.png,1,轻度,inherited,1782614443.025767803
scene_0,1782614443.528259277,cam0,1782614443.528259277.png,2,中度,inherited,1782614443.275607586
scene_0,1782614443.528259277,cam3,1782614443.528259277.png,1,轻度,inherited,1782614443.275607586
scene_0,1782614443.528259277,cam4,1782614443.528259277.png,1,轻度,inherited,1782614443.275607586
scene_0,1782614443.782546997,cam0,1782614443.782546997.png,2,中度,inherited,1782614443.528259277
scene_0,1782614443.782546997,cam3,1782614443.782546997.png,1,轻度,inherited,1782614443.528259277
scene_0,1782614443.782546997,cam4,1782614443.782546997.png,1,轻度,inherited,1782614443.528259277
scene_0,1782614444.035572767,cam0,1782614444.035572767.png,2,中度,inherited,1782614443.782546997
scene_0,1782614444.035572767,cam3,1782614444.035572767.png,1,轻度,inherited,1782614443.782546997
scene_0,1782614444.035572767,cam4,1782614444.035572767.png,1,轻度,inherited,1782614443.782546997
scene_0,1782614444.291094780,cam0,1782614444.291094780.png,2,中度,inherited,1782614444.035572767
scene_0,1782614444.291094780,cam3,1782614444.291094780.png,1,轻度,inherited,1782614444.035572767
scene_0,1782614444.291094780,cam4,1782614444.291094780.png,1,轻度,inherited,1782614444.035572767
scene_0,1782614444.540228844,cam0,1782614444.540228844.png,2,中度,inherited,1782614444.291094780
scene_0,1782614444.540228844,cam3,1782614444.540228844.png,1,轻度,inherited,1782614444.291094780
scene_0,1782614444.795464993,cam0,1782614444.795464993.png,2,中度,inherited,1782614444.540228844
scene_0,1782614444.795464993,cam3,1782614444.795464993.png,1,轻度,inherited,1782614444.540228844
scene_0,1782614445.048431396,cam0,1782614445.048431396.png,2,中度,inherited,1782614444.795464993
scene_0,1782614445.048431396,cam3,1782614445.048431396.png,1,轻度,inherited,1782614444.795464993
scene_0,1782614445.315927505,cam0,1782614445.315927505.png,2,中度,inherited,1782614445.048431396
scene_0,1782614445.315927505,cam3,1782614445.315927505.png,1,轻度,inherited,1782614445.048431396
scene_0,1782614445.571666956,cam0,1782614445.571666956.png,2,中度,inherited,1782614445.315927505
scene_0,1782614445.571666956,cam3,1782614445.571666956.png,1,轻度,inherited,1782614445.315927505
scene_0,1782614445.824439287,cam0,1782614445.824439287.png,2,中度,inherited,1782614445.571666956
scene_0,1782614445.824439287,cam3,1782614445.824439287.png,1,轻度,inherited,1782614445.571666956
scene_0,1782614446.077841997,cam0,1782614446.077841997.png,2,中度,inherited,1782614445.824439287
scene_0,1782614446.077841997,cam3,1782614446.077841997.png,1,轻度,inherited,1782614445.824439287
scene_0,1782614446.332051039,cam0,1782614446.332051039.png,2,中度,inherited,1782614446.077841997
scene_0,1782614446.332051039,cam3,1782614446.332051039.png,1,轻度,inherited,1782614446.077841997
scene_0,1782614446.585943460,cam0,1782614446.585943460.png,2,中度,inherited,1782614446.332051039
scene_0,1782614446.585943460,cam3,1782614446.585943460.png,1,轻度,inherited,1782614446.332051039
scene_0,1782614446.845550776,cam0,1782614446.845550776.png,2,中度,inherited,1782614446.585943460
scene_0,1782614446.845550776,cam3,1782614446.845550776.png,1,轻度,inherited,1782614446.585943460
scene_0,1782614447.105857849,cam0,1782614447.105857849.png,2,中度,inherited,1782614446.845550776
scene_0,1782614447.105857849,cam3,1782614447.105857849.png,1,轻度,inherited,1782614446.845550776
scene_0,1782614447.357937574,cam0,1782614447.357937574.png,2,中度,inherited,1782614447.105857849
scene_0,1782614447.357937574,cam3,1782614447.357937574.png,1,轻度,inherited,1782614447.105857849
scene_0,1782614447.610824585,cam0,1782614447.610824585.png,2,中度,inherited,1782614447.357937574
scene_0,1782614447.610824585,cam3,1782614447.610824585.png,1,轻度,inherited,1782614447.357937574
scene_0,1782614447.860849380,cam0,1782614447.860849380.png,2,中度,inherited,1782614447.610824585
scene_0,1782614447.860849380,cam3,1782614447.860849380.png,1,轻度,inherited,1782614447.610824585
scene_0,1782614448.113948345,cam0,1782614448.113948345.png,2,中度,inherited,1782614447.860849380
scene_0,1782614448.113948345,cam3,1782614448.113948345.png,1,轻度,inherited,1782614447.860849380
scene_0,1782614448.370299578,cam0,1782614448.370299578.png,1,轻度,manual,
scene_0,1782614448.370299578,cam3,1782614448.370299578.png,1,轻度,inherited,1782614448.113948345
scene_0,1782614448.621734142,cam0,1782614448.621734142.png,1,轻度,inherited,1782614448.370299578
scene_0,1782614448.621734142,cam3,1782614448.621734142.png,1,轻度,inherited,1782614448.370299578
scene_0,1782614448.873296022,cam0,1782614448.873296022.png,1,轻度,inherited,1782614448.621734142
scene_0,1782614448.873296022,cam3,1782614448.873296022.png,1,轻度,inherited,1782614448.621734142
scene_0,1782614449.126777172,cam0,1782614449.126777172.png,1,轻度,inherited,1782614448.873296022
scene_0,1782614449.126777172,cam3,1782614449.126777172.png,1,轻度,inherited,1782614448.873296022
scene_0,1782614449.384138107,cam0,1782614449.384138107.png,1,轻度,inherited,1782614449.126777172
scene_0,1782614449.384138107,cam3,1782614449.384138107.png,1,轻度,inherited,1782614449.126777172
scene_0,1782614449.644455194,cam0,1782614449.644455194.png,1,轻度,inherited,1782614449.384138107
scene_0,1782614449.644455194,cam3,1782614449.644455194.png,1,轻度,inherited,1782614449.384138107
scene_0,1782614449.901136160,cam0,1782614449.901136160.png,1,轻度,inherited,1782614449.644455194
scene_0,1782614449.901136160,cam3,1782614449.901136160.png,1,轻度,inherited,1782614449.644455194
scene_0,1782614450.164045811,cam0,1782614450.164045811.png,1,轻度,inherited,1782614449.901136160
scene_0,1782614450.164045811,cam3,1782614450.164045811.png,1,轻度,inherited,1782614449.901136160
scene_0,1782614450.426364899,cam0,1782614450.426364899.png,1,轻度,inherited,1782614450.164045811
scene_0,1782614450.426364899,cam3,1782614450.426364899.png,1,轻度,inherited,1782614450.164045811
scene_0,1782614450.686850071,cam0,1782614450.686850071.png,1,轻度,inherited,1782614450.426364899
scene_0,1782614450.686850071,cam3,1782614450.686850071.png,1,轻度,inherited,1782614450.426364899
scene_0,1782614450.947382450,cam0,1782614450.947382450.png,1,轻度,inherited,1782614450.686850071
scene_0,1782614450.947382450,cam3,1782614450.947382450.png,1,轻度,inherited,1782614450.686850071
scene_0,1782614451.210019350,cam0,1782614451.210019350.png,1,轻度,inherited,1782614450.947382450
scene_0,1782614451.210019350,cam3,1782614451.210019350.png,1,轻度,inherited,1782614450.947382450
scene_0,1782614451.470824003,cam0,1782614451.470824003.png,1,轻度,inherited,1782614451.210019350
scene_0,1782614451.470824003,cam3,1782614451.470824003.png,1,轻度,inherited,1782614451.210019350
scene_0,1782614451.735897064,cam0,1782614451.735897064.png,1,轻度,inherited,1782614451.470824003
scene_0,1782614451.735897064,cam3,1782614451.735897064.png,1,轻度,inherited,1782614451.470824003
scene_0,1782614451.998321295,cam0,1782614451.998321295.png,1,轻度,inherited,1782614451.735897064
scene_0,1782614451.998321295,cam3,1782614451.998321295.png,1,轻度,inherited,1782614451.735897064
scene_0,1782614452.258387089,cam0,1782614452.258387089.png,1,轻度,inherited,1782614451.998321295
scene_0,1782614452.258387089,cam3,1782614452.258387089.png,1,轻度,inherited,1782614451.998321295
scene_0,1782614452.520624638,cam0,1782614452.520624638.png,1,轻度,inherited,1782614452.258387089
scene_0,1782614452.520624638,cam3,1782614452.520624638.png,1,轻度,inherited,1782614452.258387089
scene_0,1782614452.780977488,cam0,1782614452.780977488.png,1,轻度,inherited,1782614452.520624638
scene_0,1782614452.780977488,cam3,1782614452.780977488.png,1,轻度,inherited,1782614452.520624638
scene_0,1782614453.041923046,cam0,1782614453.041923046.png,1,轻度,inherited,1782614452.780977488
scene_0,1782614453.041923046,cam3,1782614453.041923046.png,1,轻度,inherited,1782614452.780977488
scene_0,1782614453.310194492,cam0,1782614453.310194492.png,1,轻度,inherited,1782614453.041923046
scene_0,1782614453.310194492,cam3,1782614453.310194492.png,1,轻度,inherited,1782614453.041923046
scene_0,1782614453.573603630,cam0,1782614453.573603630.png,1,轻度,inherited,1782614453.310194492
scene_0,1782614453.573603630,cam3,1782614453.573603630.png,1,轻度,inherited,1782614453.310194492
scene_0,1782614453.832517624,cam0,1782614453.832517624.png,1,轻度,inherited,1782614453.573603630
scene_0,1782614453.832517624,cam3,1782614453.832517624.png,1,轻度,inherited,1782614453.573603630
scene_0,1782614454.087404013,cam0,1782614454.087404013.png,1,轻度,inherited,1782614453.832517624
scene_0,1782614454.087404013,cam3,1782614454.087404013.png,1,轻度,inherited,1782614453.832517624
scene_0,1782614454.337005138,cam0,1782614454.337005138.png,1,轻度,inherited,1782614454.087404013
scene_0,1782614454.337005138,cam3,1782614454.337005138.png,1,轻度,inherited,1782614454.087404013
scene_0,1782614454.591029882,cam0,1782614454.591029882.png,1,轻度,inherited,1782614454.337005138
scene_0,1782614454.591029882,cam3,1782614454.591029882.png,1,轻度,inherited,1782614454.337005138
scene_0,1782614454.843207359,cam0,1782614454.843207359.png,1,轻度,inherited,1782614454.591029882
scene_0,1782614454.843207359,cam3,1782614454.843207359.png,1,轻度,inherited,1782614454.591029882
scene_0,1782614455.103145361,cam0,1782614455.103145361.png,1,轻度,inherited,1782614454.843207359
scene_0,1782614455.103145361,cam3,1782614455.103145361.png,1,轻度,inherited,1782614454.843207359
scene_0,1782614455.365230560,cam0,1782614455.365230560.png,1,轻度,inherited,1782614455.103145361
scene_0,1782614455.365230560,cam3,1782614455.365230560.png,1,轻度,inherited,1782614455.103145361
scene_0,1782614455.620854616,cam0,1782614455.620854616.png,1,轻度,inherited,1782614455.365230560
scene_0,1782614455.620854616,cam3,1782614455.620854616.png,1,轻度,inherited,1782614455.365230560
scene_0,1782614455.873854160,cam0,1782614455.873854160.png,1,轻度,inherited,1782614455.620854616
scene_0,1782614455.873854160,cam3,1782614455.873854160.png,1,轻度,inherited,1782614455.620854616
scene_0,1782614456.125765085,cam0,1782614456.125765085.png,1,轻度,inherited,1782614455.873854160
scene_0,1782614456.125765085,cam3,1782614456.125765085.png,1,轻度,inherited,1782614455.873854160
scene_0,1782614456.379061699,cam0,1782614456.379061699.png,1,轻度,inherited,1782614456.125765085
scene_0,1782614456.379061699,cam3,1782614456.379061699.png,1,轻度,inherited,1782614456.125765085
scene_0,1782614456.633915424,cam0,1782614456.633915424.png,1,轻度,inherited,1782614456.379061699
scene_0,1782614456.633915424,cam3,1782614456.633915424.png,1,轻度,inherited,1782614456.379061699
scene_0,1782614456.889716387,cam0,1782614456.889716387.png,1,轻度,inherited,1782614456.633915424
scene_0,1782614456.889716387,cam3,1782614456.889716387.png,1,轻度,inherited,1782614456.633915424
scene_0,1782614457.145538330,cam0,1782614457.145538330.png,1,轻度,inherited,1782614456.889716387
scene_0,1782614457.145538330,cam3,1782614457.145538330.png,1,轻度,inherited,1782614456.889716387
scene_0,1782614457.401935816,cam0,1782614457.401935816.png,1,轻度,inherited,1782614457.145538330
scene_0,1782614457.401935816,cam3,1782614457.401935816.png,1,轻度,inherited,1782614457.145538330
scene_0,1782614457.661063433,cam0,1782614457.661063433.png,1,轻度,inherited,1782614457.401935816
scene_0,1782614457.661063433,cam3,1782614457.661063433.png,1,轻度,inherited,1782614457.401935816
scene_0,1782614457.922583342,cam0,1782614457.922583342.png,1,轻度,inherited,1782614457.661063433
scene_0,1782614457.922583342,cam3,1782614457.922583342.png,1,轻度,inherited,1782614457.661063433
scene_0,1782614458.178878069,cam0,1782614458.178878069.png,1,轻度,inherited,1782614457.922583342
scene_0,1782614458.178878069,cam3,1782614458.178878069.png,1,轻度,inherited,1782614457.922583342
scene_0,1782614458.432595968,cam0,1782614458.432595968.png,1,轻度,inherited,1782614458.178878069
scene_0,1782614458.432595968,cam3,1782614458.432595968.png,1,轻度,inherited,1782614458.178878069
scene_0,1782614458.688741207,cam0,1782614458.688741207.png,1,轻度,inherited,1782614458.432595968
scene_0,1782614458.688741207,cam3,1782614458.688741207.png,1,轻度,inherited,1782614458.432595968
scene_0,1782614458.937905788,cam0,1782614458.937905788.png,1,轻度,inherited,1782614458.688741207
scene_0,1782614458.937905788,cam3,1782614458.937905788.png,1,轻度,inherited,1782614458.688741207
scene_0,1782614459.191572666,cam0,1782614459.191572666.png,1,轻度,inherited,1782614458.937905788
scene_0,1782614459.191572666,cam3,1782614459.191572666.png,1,轻度,inherited,1782614458.937905788
scene_0,1782614459.446423054,cam0,1782614459.446423054.png,1,轻度,inherited,1782614459.191572666
scene_0,1782614459.446423054,cam3,1782614459.446423054.png,1,轻度,inherited,1782614459.191572666
scene_0,1782614459.705341816,cam0,1782614459.705341816.png,1,轻度,inherited,1782614459.446423054
scene_0,1782614459.705341816,cam3,1782614459.705341816.png,1,轻度,inherited,1782614459.446423054
scene_0,1782614459.952044487,cam0,1782614459.952044487.png,1,轻度,inherited,1782614459.705341816
scene_0,1782614459.952044487,cam3,1782614459.952044487.png,1,轻度,inherited,1782614459.705341816
scene_0,1782614460.204688311,cam0,1782614460.204688311.png,1,轻度,inherited,1782614459.952044487
scene_0,1782614460.204688311,cam3,1782614460.204688311.png,1,轻度,inherited,1782614459.952044487
scene_0,1782614460.454626322,cam0,1782614460.454626322.png,1,轻度,inherited,1782614460.204688311
scene_0,1782614460.454626322,cam3,1782614460.454626322.png,1,轻度,inherited,1782614460.204688311
scene_0,1782614460.706517935,cam0,1782614460.706517935.png,1,轻度,inherited,1782614460.454626322
scene_0,1782614460.706517935,cam3,1782614460.706517935.png,1,轻度,inherited,1782614460.454626322
scene_0,1782614460.964811325,cam0,1782614460.964811325.png,1,轻度,inherited,1782614460.706517935
scene_0,1782614460.964811325,cam3,1782614460.964811325.png,1,轻度,inherited,1782614460.706517935
scene_0,1782614461.218680620,cam0,1782614461.218680620.png,1,轻度,inherited,1782614460.964811325
scene_0,1782614461.218680620,cam3,1782614461.218680620.png,1,轻度,inherited,1782614460.964811325
scene_0,1782614461.471241474,cam0,1782614461.471241474.png,1,轻度,inherited,1782614461.218680620
scene_0,1782614461.471241474,cam3,1782614461.471241474.png,1,轻度,inherited,1782614461.218680620
scene_0,1782614461.724146843,cam0,1782614461.724146843.png,1,轻度,inherited,1782614461.471241474
scene_0,1782614461.724146843,cam3,1782614461.724146843.png,1,轻度,inherited,1782614461.471241474
scene_0,1782614461.980629206,cam0,1782614461.980629206.png,1,轻度,inherited,1782614461.724146843
scene_0,1782614461.980629206,cam3,1782614461.980629206.png,1,轻度,inherited,1782614461.724146843
scene_0,1782614462.239047050,cam0,1782614462.239047050.png,1,轻度,inherited,1782614461.980629206
scene_0,1782614462.239047050,cam3,1782614462.239047050.png,1,轻度,inherited,1782614461.980629206
scene_0,1782614462.503707170,cam0,1782614462.503707170.png,1,轻度,inherited,1782614462.239047050
scene_0,1782614462.503707170,cam3,1782614462.503707170.png,1,轻度,inherited,1782614462.239047050
scene_0,1782614462.767567873,cam0,1782614462.767567873.png,1,轻度,inherited,1782614462.503707170
scene_0,1782614462.767567873,cam3,1782614462.767567873.png,1,轻度,inherited,1782614462.503707170
scene_0,1782614463.028137207,cam0,1782614463.028137207.png,1,轻度,inherited,1782614462.767567873
scene_0,1782614463.028137207,cam3,1782614463.028137207.png,1,轻度,inherited,1782614462.767567873
scene_0,1782614463.284512043,cam0,1782614463.284512043.png,1,轻度,inherited,1782614463.028137207
scene_0,1782614463.284512043,cam3,1782614463.284512043.png,1,轻度,inherited,1782614463.028137207
scene_0,1782614463.541706085,cam0,1782614463.541706085.png,1,轻度,inherited,1782614463.284512043
scene_0,1782614463.541706085,cam3,1782614463.541706085.png,1,轻度,inherited,1782614463.284512043
scene_0,1782614463.801221848,cam0,1782614463.801221848.png,1,轻度,inherited,1782614463.541706085
scene_0,1782614463.801221848,cam3,1782614463.801221848.png,1,轻度,inherited,1782614463.541706085
scene_0,1782614464.065154076,cam0,1782614464.065154076.png,1,轻度,inherited,1782614463.801221848
scene_0,1782614464.065154076,cam3,1782614464.065154076.png,1,轻度,inherited,1782614463.801221848
scene_0,1782614464.326343298,cam0,1782614464.326343298.png,1,轻度,inherited,1782614464.065154076
scene_0,1782614464.326343298,cam3,1782614464.326343298.png,1,轻度,inherited,1782614464.065154076
scene_0,1782614464.583405733,cam0,1782614464.583405733.png,1,轻度,inherited,1782614464.326343298
scene_0,1782614464.583405733,cam3,1782614464.583405733.png,1,轻度,inherited,1782614464.326343298
scene_0,1782614464.839432716,cam0,1782614464.839432716.png,1,轻度,inherited,1782614464.583405733
scene_0,1782614464.839432716,cam3,1782614464.839432716.png,1,轻度,inherited,1782614464.583405733
scene_0,1782614465.107013702,cam0,1782614465.107013702.png,1,轻度,inherited,1782614464.839432716
scene_0,1782614465.107013702,cam3,1782614465.107013702.png,1,轻度,inherited,1782614464.839432716
scene_0,1782614465.369248867,cam0,1782614465.369248867.png,1,轻度,inherited,1782614465.107013702
scene_0,1782614465.369248867,cam3,1782614465.369248867.png,1,轻度,inherited,1782614465.107013702
scene_0,1782614465.623240948,cam0,1782614465.623240948.png,1,轻度,inherited,1782614465.369248867
scene_0,1782614465.623240948,cam3,1782614465.623240948.png,1,轻度,inherited,1782614465.369248867
scene_0,1782614465.875590801,cam0,1782614465.875590801.png,1,轻度,inherited,1782614465.623240948
scene_0,1782614465.875590801,cam3,1782614465.875590801.png,1,轻度,inherited,1782614465.623240948
scene_0,1782614466.130862236,cam0,1782614466.130862236.png,1,轻度,inherited,1782614465.875590801
scene_0,1782614466.130862236,cam3,1782614466.130862236.png,1,轻度,inherited,1782614465.875590801
scene_0,1782614466.386781931,cam0,1782614466.386781931.png,1,轻度,inherited,1782614466.130862236
scene_0,1782614466.386781931,cam3,1782614466.386781931.png,1,轻度,inherited,1782614466.130862236
scene_0,1782614466.642363071,cam0,1782614466.642363071.png,1,轻度,inherited,1782614466.386781931
scene_0,1782614466.642363071,cam3,1782614466.642363071.png,1,轻度,inherited,1782614466.386781931
scene_0,1782614466.904059887,cam0,1782614466.904059887.png,1,轻度,inherited,1782614466.642363071
scene_0,1782614466.904059887,cam3,1782614466.904059887.png,1,轻度,inherited,1782614466.642363071
scene_0,1782614467.159260988,cam0,1782614467.159260988.png,1,轻度,inherited,1782614466.904059887
scene_0,1782614467.159260988,cam3,1782614467.159260988.png,1,轻度,inherited,1782614466.904059887
scene_0,1782614467.411885977,cam0,1782614467.411885977.png,1,轻度,inherited,1782614467.159260988
scene_0,1782614467.411885977,cam3,1782614467.411885977.png,1,轻度,inherited,1782614467.159260988
scene_0,1782614467.668669224,cam0,1782614467.668669224.png,1,轻度,inherited,1782614467.411885977
scene_0,1782614467.668669224,cam3,1782614467.668669224.png,1,轻度,inherited,1782614467.411885977
scene_0,1782614467.923563004,cam0,1782614467.923563004.png,1,轻度,inherited,1782614467.668669224
scene_0,1782614467.923563004,cam3,1782614467.923563004.png,1,轻度,inherited,1782614467.668669224
scene_0,1782614468.173193216,cam0,1782614468.173193216.png,1,轻度,inherited,1782614467.923563004
scene_0,1782614468.173193216,cam3,1782614468.173193216.png,1,轻度,inherited,1782614467.923563004
scene_0,1782614468.421355247,cam0,1782614468.421355247.png,1,轻度,inherited,1782614468.173193216
scene_0,1782614468.421355247,cam3,1782614468.421355247.png,1,轻度,inherited,1782614468.173193216
scene_0,1782614468.671261072,cam0,1782614468.671261072.png,1,轻度,inherited,1782614468.421355247
scene_0,1782614468.671261072,cam3,1782614468.671261072.png,1,轻度,inherited,1782614468.421355247
scene_0,1782614468.922455311,cam0,1782614468.922455311.png,1,轻度,inherited,1782614468.671261072
scene_0,1782614468.922455311,cam3,1782614468.922455311.png,1,轻度,inherited,1782614468.671261072
scene_0,1782614469.176182270,cam0,1782614469.176182270.png,1,轻度,inherited,1782614468.922455311
scene_0,1782614469.176182270,cam3,1782614469.176182270.png,1,轻度,inherited,1782614468.922455311
scene_0,1782614469.429138899,cam0,1782614469.429138899.png,1,轻度,inherited,1782614469.176182270
scene_0,1782614469.429138899,cam3,1782614469.429138899.png,1,轻度,inherited,1782614469.176182270
scene_0,1782614469.678036928,cam0,1782614469.678036928.png,1,轻度,inherited,1782614469.429138899
scene_0,1782614469.678036928,cam3,1782614469.678036928.png,1,轻度,inherited,1782614469.429138899
scene_0,1782614469.929955959,cam0,1782614469.929955959.png,1,轻度,inherited,1782614469.678036928
scene_0,1782614469.929955959,cam3,1782614469.929955959.png,1,轻度,inherited,1782614469.678036928
scene_0,1782614469.929955959,cam5,1782614469.929955959.png,1,轻度,manual,
scene_0,1782614470.184099436,cam0,1782614470.184099436.png,1,轻度,inherited,1782614469.929955959
scene_0,1782614470.184099436,cam3,1782614470.184099436.png,1,轻度,inherited,1782614469.929955959
scene_0,1782614470.184099436,cam5,1782614470.184099436.png,1,轻度,manual,
scene_0,1782614470.434635878,cam0,1782614470.434635878.png,1,轻度,inherited,1782614470.184099436
scene_0,1782614470.434635878,cam3,1782614470.434635878.png,1,轻度,inherited,1782614470.184099436
scene_0,1782614470.434635878,cam5,1782614470.434635878.png,1,轻度,manual,
scene_0,1782614470.689924002,cam0,1782614470.689924002.png,1,轻度,inherited,1782614470.434635878
scene_0,1782614470.689924002,cam3,1782614470.689924002.png,1,轻度,inherited,1782614470.434635878
scene_0,1782614470.689924002,cam5,1782614470.689924002.png,1,轻度,manual,
scene_0,1782614470.940965176,cam0,1782614470.940965176.png,1,轻度,inherited,1782614470.689924002
scene_0,1782614470.940965176,cam3,1782614470.940965176.png,1,轻度,inherited,1782614470.689924002
scene_0,1782614470.940965176,cam5,1782614470.940965176.png,1,轻度,manual,
scene_0,1782614471.197572708,cam0,1782614471.197572708.png,1,轻度,inherited,1782614470.940965176
scene_0,1782614471.197572708,cam3,1782614471.197572708.png,1,轻度,inherited,1782614470.940965176
scene_0,1782614471.197572708,cam5,1782614471.197572708.png,1,轻度,manual,
scene_0,1782614471.450903654,cam0,1782614471.450903654.png,1,轻度,inherited,1782614471.197572708
scene_0,1782614471.450903654,cam3,1782614471.450903654.png,1,轻度,inherited,1782614471.197572708
scene_0,1782614471.450903654,cam5,1782614471.450903654.png,1,轻度,manual,
scene_0,1782614471.706105232,cam0,1782614471.706105232.png,1,轻度,inherited,1782614471.450903654
scene_0,1782614471.706105232,cam3,1782614471.706105232.png,1,轻度,inherited,1782614471.450903654
scene_0,1782614471.706105232,cam5,1782614471.706105232.png,1,轻度,manual,
scene_0,1782614471.956633091,cam0,1782614471.956633091.png,1,轻度,inherited,1782614471.706105232
scene_0,1782614471.956633091,cam3,1782614471.956633091.png,1,轻度,inherited,1782614471.706105232
scene_0,1782614471.956633091,cam5,1782614471.956633091.png,1,轻度,manual,
scene_0,1782614472.208723545,cam0,1782614472.208723545.png,1,轻度,inherited,1782614471.956633091
scene_0,1782614472.208723545,cam3,1782614472.208723545.png,1,轻度,inherited,1782614471.956633091
scene_0,1782614472.208723545,cam5,1782614472.208723545.png,1,轻度,manual,
scene_0,1782614472.461873531,cam0,1782614472.461873531.png,1,轻度,inherited,1782614472.208723545
scene_0,1782614472.461873531,cam3,1782614472.461873531.png,1,轻度,inherited,1782614472.208723545
scene_0,1782614472.461873531,cam5,1782614472.461873531.png,1,轻度,manual,
scene_0,1782614472.719026089,cam0,1782614472.719026089.png,1,轻度,inherited,1782614472.461873531
scene_0,1782614472.719026089,cam3,1782614472.719026089.png,1,轻度,inherited,1782614472.461873531
scene_0,1782614472.719026089,cam5,1782614472.719026089.png,1,轻度,manual,
scene_0,1782614472.973987341,cam0,1782614472.973987341.png,1,轻度,inherited,1782614472.719026089
scene_0,1782614472.973987341,cam3,1782614472.973987341.png,1,轻度,inherited,1782614472.719026089
scene_0,1782614472.973987341,cam5,1782614472.973987341.png,1,轻度,manual,
scene_0,1782614473.230145454,cam0,1782614473.230145454.png,1,轻度,inherited,1782614472.973987341
scene_0,1782614473.230145454,cam3,1782614473.230145454.png,1,轻度,inherited,1782614472.973987341
scene_0,1782614473.230145454,cam5,1782614473.230145454.png,1,轻度,manual,
scene_0,1782614473.487017870,cam0,1782614473.487017870.png,1,轻度,inherited,1782614473.230145454
scene_0,1782614473.487017870,cam3,1782614473.487017870.png,1,轻度,inherited,1782614473.230145454
scene_0,1782614473.487017870,cam5,1782614473.487017870.png,1,轻度,manual,
scene_0,1782614473.746397495,cam0,1782614473.746397495.png,1,轻度,inherited,1782614473.487017870
scene_0,1782614473.746397495,cam3,1782614473.746397495.png,1,轻度,inherited,1782614473.487017870
scene_0,1782614473.746397495,cam5,1782614473.746397495.png,1,轻度,manual,
scene_0,1782614474.009064674,cam0,1782614474.009064674.png,1,轻度,inherited,1782614473.746397495
scene_0,1782614474.009064674,cam3,1782614474.009064674.png,1,轻度,inherited,1782614473.746397495
scene_0,1782614474.009064674,cam5,1782614474.009064674.png,1,轻度,manual,
scene_0,1782614474.268822432,cam0,1782614474.268822432.png,1,轻度,inherited,1782614474.009064674
scene_0,1782614474.268822432,cam3,1782614474.268822432.png,1,轻度,inherited,1782614474.009064674
scene_0,1782614474.268822432,cam5,1782614474.268822432.png,1,轻度,manual,
scene_0,1782614474.520894766,cam0,1782614474.520894766.png,1,轻度,inherited,1782614474.268822432
scene_0,1782614474.520894766,cam3,1782614474.520894766.png,1,轻度,inherited,1782614474.268822432
scene_0,1782614474.520894766,cam5,1782614474.520894766.png,1,轻度,manual,
scene_0,1782614474.777391672,cam0,1782614474.777391672.png,1,轻度,inherited,1782614474.520894766
scene_0,1782614474.777391672,cam3,1782614474.777391672.png,1,轻度,inherited,1782614474.520894766
scene_0,1782614474.777391672,cam5,1782614474.777391672.png,1,轻度,manual,
scene_0,1782614475.037792683,cam0,1782614475.037792683.png,1,轻度,inherited,1782614474.777391672
scene_0,1782614475.037792683,cam3,1782614475.037792683.png,1,轻度,inherited,1782614474.777391672
scene_0,1782614475.037792683,cam5,1782614475.037792683.png,1,轻度,manual,
scene_0,1782614475.300060749,cam0,1782614475.300060749.png,1,轻度,inherited,1782614475.037792683
scene_0,1782614475.300060749,cam3,1782614475.300060749.png,1,轻度,inherited,1782614475.037792683
scene_0,1782614475.300060749,cam5,1782614475.300060749.png,1,轻度,manual,
scene_0,1782614475.562156677,cam0,1782614475.562156677.png,1,轻度,inherited,1782614475.300060749
scene_0,1782614475.562156677,cam3,1782614475.562156677.png,1,轻度,inherited,1782614475.300060749
scene_0,1782614475.562156677,cam5,1782614475.562156677.png,1,轻度,manual,
scene_0,1782614475.822604656,cam0,1782614475.822604656.png,1,轻度,inherited,1782614475.562156677
scene_0,1782614475.822604656,cam3,1782614475.822604656.png,1,轻度,inherited,1782614475.562156677
scene_0,1782614475.822604656,cam5,1782614475.822604656.png,1,轻度,manual,
scene_0,1782614476.078985214,cam0,1782614476.078985214.png,1,轻度,inherited,1782614475.822604656
scene_0,1782614476.078985214,cam3,1782614476.078985214.png,1,轻度,inherited,1782614475.822604656
scene_0,1782614476.078985214,cam5,1782614476.078985214.png,1,轻度,manual,
scene_0,1782614476.337889671,cam0,1782614476.337889671.png,1,轻度,inherited,1782614476.078985214
scene_0,1782614476.337889671,cam3,1782614476.337889671.png,1,轻度,inherited,1782614476.078985214
scene_0,1782614476.337889671,cam5,1782614476.337889671.png,1,轻度,manual,
scene_0,1782614476.600733757,cam0,1782614476.600733757.png,1,轻度,inherited,1782614476.337889671
scene_0,1782614476.600733757,cam3,1782614476.600733757.png,1,轻度,inherited,1782614476.337889671
scene_0,1782614476.600733757,cam5,1782614476.600733757.png,1,轻度,inherited,1782614476.337889671
scene_0,1782614476.860620499,cam0,1782614476.860620499.png,1,轻度,inherited,1782614476.600733757
scene_0,1782614476.860620499,cam3,1782614476.860620499.png,1,轻度,inherited,1782614476.600733757
scene_0,1782614476.860620499,cam5,1782614476.860620499.png,1,轻度,inherited,1782614476.600733757
scene_0,1782614477.114345789,cam0,1782614477.114345789.png,1,轻度,inherited,1782614476.860620499
scene_0,1782614477.114345789,cam3,1782614477.114345789.png,1,轻度,inherited,1782614476.860620499
scene_0,1782614477.114345789,cam5,1782614477.114345789.png,1,轻度,inherited,1782614476.860620499
scene_0,1782614477.366471291,cam0,1782614477.366471291.png,1,轻度,inherited,1782614477.114345789
scene_0,1782614477.366471291,cam3,1782614477.366471291.png,1,轻度,inherited,1782614477.114345789
scene_0,1782614477.366471291,cam5,1782614477.366471291.png,1,轻度,inherited,1782614477.114345789
scene_0,1782614477.615774870,cam0,1782614477.615774870.png,1,轻度,inherited,1782614477.366471291
scene_0,1782614477.615774870,cam5,1782614477.615774870.png,1,轻度,inherited,1782614477.366471291
scene_0,1782614477.867353201,cam0,1782614477.867353201.png,1,轻度,inherited,1782614477.615774870
scene_0,1782614477.867353201,cam5,1782614477.867353201.png,1,轻度,inherited,1782614477.615774870
scene_0,1782614478.123135328,cam0,1782614478.123135328.png,1,轻度,inherited,1782614477.867353201
scene_0,1782614478.123135328,cam5,1782614478.123135328.png,1,轻度,inherited,1782614477.867353201
scene_0,1782614478.384304285,cam0,1782614478.384304285.png,1,轻度,inherited,1782614478.123135328
scene_0,1782614478.384304285,cam4,1782614478.384304285.png,1,轻度,manual,
scene_0,1782614478.384304285,cam5,1782614478.384304285.png,1,轻度,inherited,1782614478.123135328
scene_0,1782614478.638052464,cam0,1782614478.638052464.png,1,轻度,inherited,1782614478.384304285
scene_0,1782614478.638052464,cam4,1782614478.638052464.png,1,轻度,inherited,1782614478.384304285
scene_0,1782614478.638052464,cam5,1782614478.638052464.png,1,轻度,inherited,1782614478.384304285
scene_0,1782614478.901138067,cam0,1782614478.901138067.png,1,轻度,inherited,1782614478.638052464
scene_0,1782614478.901138067,cam4,1782614478.901138067.png,1,轻度,inherited,1782614478.638052464
scene_0,1782614478.901138067,cam5,1782614478.901138067.png,1,轻度,inherited,1782614478.638052464
scene_0,1782614479.163560867,cam0,1782614479.163560867.png,1,轻度,inherited,1782614478.901138067
scene_0,1782614479.163560867,cam4,1782614479.163560867.png,1,轻度,inherited,1782614478.901138067
scene_0,1782614479.163560867,cam5,1782614479.163560867.png,1,轻度,inherited,1782614478.901138067
scene_0,1782614479.415904999,cam0,1782614479.415904999.png,1,轻度,inherited,1782614479.163560867
scene_0,1782614479.415904999,cam4,1782614479.415904999.png,1,轻度,inherited,1782614479.163560867
scene_0,1782614479.415904999,cam5,1782614479.415904999.png,1,轻度,inherited,1782614479.163560867
scene_0,1782614479.679611444,cam0,1782614479.679611444.png,1,轻度,inherited,1782614479.415904999
scene_0,1782614479.679611444,cam4,1782614479.679611444.png,1,轻度,inherited,1782614479.415904999
scene_0,1782614479.679611444,cam5,1782614479.679611444.png,1,轻度,inherited,1782614479.415904999
scene_0,1782614479.939888954,cam0,1782614479.939888954.png,1,轻度,inherited,1782614479.679611444
scene_0,1782614479.939888954,cam4,1782614479.939888954.png,1,轻度,inherited,1782614479.679611444
scene_0,1782614479.939888954,cam5,1782614479.939888954.png,1,轻度,inherited,1782614479.679611444
scene_0,1782614480.204816103,cam0,1782614480.204816103.png,1,轻度,inherited,1782614479.939888954
scene_0,1782614480.204816103,cam4,1782614480.204816103.png,1,轻度,inherited,1782614479.939888954
scene_0,1782614480.204816103,cam5,1782614480.204816103.png,1,轻度,inherited,1782614479.939888954
scene_0,1782614480.461646795,cam0,1782614480.461646795.png,1,轻度,inherited,1782614480.204816103
scene_0,1782614480.461646795,cam4,1782614480.461646795.png,1,轻度,inherited,1782614480.204816103
scene_0,1782614480.461646795,cam5,1782614480.461646795.png,1,轻度,inherited,1782614480.204816103
scene_0,1782614480.715384722,cam0,1782614480.715384722.png,1,轻度,inherited,1782614480.461646795
scene_0,1782614480.715384722,cam4,1782614480.715384722.png,1,轻度,inherited,1782614480.461646795
scene_0,1782614480.715384722,cam5,1782614480.715384722.png,1,轻度,inherited,1782614480.461646795
scene_0,1782614480.971370220,cam0,1782614480.971370220.png,1,轻度,inherited,1782614480.715384722
scene_0,1782614480.971370220,cam4,1782614480.971370220.png,1,轻度,inherited,1782614480.715384722
scene_0,1782614480.971370220,cam5,1782614480.971370220.png,1,轻度,inherited,1782614480.715384722
scene_0,1782614481.220134497,cam0,1782614481.220134497.png,1,轻度,inherited,1782614480.971370220
scene_0,1782614481.220134497,cam4,1782614481.220134497.png,1,轻度,inherited,1782614480.971370220
scene_0,1782614481.220134497,cam5,1782614481.220134497.png,1,轻度,inherited,1782614480.971370220
scene_0,1782614481.474283457,cam0,1782614481.474283457.png,1,轻度,inherited,1782614481.220134497
scene_0,1782614481.474283457,cam4,1782614481.474283457.png,1,轻度,inherited,1782614481.220134497
scene_0,1782614481.474283457,cam5,1782614481.474283457.png,1,轻度,inherited,1782614481.220134497
scene_0,1782614481.725333929,cam0,1782614481.725333929.png,1,轻度,inherited,1782614481.474283457
scene_0,1782614481.725333929,cam4,1782614481.725333929.png,1,轻度,inherited,1782614481.474283457
scene_0,1782614481.725333929,cam5,1782614481.725333929.png,1,轻度,inherited,1782614481.474283457
scene_0,1782614481.978485584,cam0,1782614481.978485584.png,1,轻度,inherited,1782614481.725333929
scene_0,1782614481.978485584,cam4,1782614481.978485584.png,1,轻度,inherited,1782614481.725333929
scene_0,1782614481.978485584,cam5,1782614481.978485584.png,1,轻度,inherited,1782614481.725333929
scene_0,1782614482.228480339,cam0,1782614482.228480339.png,1,轻度,inherited,1782614481.978485584
scene_0,1782614482.228480339,cam4,1782614482.228480339.png,1,轻度,inherited,1782614481.978485584
scene_0,1782614482.228480339,cam5,1782614482.228480339.png,1,轻度,inherited,1782614481.978485584
scene_0,1782614482.478681326,cam0,1782614482.478681326.png,1,轻度,inherited,1782614482.228480339
scene_0,1782614482.478681326,cam4,1782614482.478681326.png,1,轻度,inherited,1782614482.228480339
scene_0,1782614482.478681326,cam5,1782614482.478681326.png,1,轻度,inherited,1782614482.228480339
scene_0,1782614482.730956793,cam0,1782614482.730956793.png,1,轻度,inherited,1782614482.478681326
scene_0,1782614482.730956793,cam3,1782614482.730956793.png,1,轻度,manual,
scene_0,1782614482.730956793,cam4,1782614482.730956793.png,1,轻度,inherited,1782614482.478681326
scene_0,1782614482.730956793,cam5,1782614482.730956793.png,1,轻度,inherited,1782614482.478681326
scene_0,1782614482.985360384,cam0,1782614482.985360384.png,1,轻度,inherited,1782614482.730956793
scene_0,1782614482.985360384,cam3,1782614482.985360384.png,1,轻度,inherited,1782614482.730956793
scene_0,1782614482.985360384,cam4,1782614482.985360384.png,1,轻度,inherited,1782614482.730956793
scene_0,1782614482.985360384,cam5,1782614482.985360384.png,1,轻度,inherited,1782614482.730956793
scene_0,1782614483.240682602,cam0,1782614483.240682602.png,1,轻度,inherited,1782614482.985360384
scene_0,1782614483.240682602,cam3,1782614483.240682602.png,1,轻度,inherited,1782614482.985360384
scene_0,1782614483.240682602,cam4,1782614483.240682602.png,1,轻度,inherited,1782614482.985360384
scene_0,1782614483.240682602,cam5,1782614483.240682602.png,1,轻度,inherited,1782614482.985360384
scene_0,1782614483.494769812,cam0,1782614483.494769812.png,1,轻度,inherited,1782614483.240682602
scene_0,1782614483.494769812,cam3,1782614483.494769812.png,1,轻度,inherited,1782614483.240682602
scene_0,1782614483.494769812,cam4,1782614483.494769812.png,1,轻度,inherited,1782614483.240682602
scene_0,1782614483.494769812,cam5,1782614483.494769812.png,1,轻度,inherited,1782614483.240682602
scene_0,1782614483.746993303,cam3,1782614483.746993303.png,1,轻度,inherited,1782614483.494769812
scene_0,1782614483.746993303,cam4,1782614483.746993303.png,1,轻度,inherited,1782614483.494769812
scene_0,1782614483.746993303,cam5,1782614483.746993303.png,1,轻度,inherited,1782614483.494769812
scene_0,1782614484.004338503,cam3,1782614484.004338503.png,1,轻度,inherited,1782614483.746993303
scene_0,1782614484.004338503,cam4,1782614484.004338503.png,1,轻度,inherited,1782614483.746993303
scene_0,1782614484.260803699,cam3,1782614484.260803699.png,1,轻度,inherited,1782614484.004338503
scene_0,1782614484.260803699,cam4,1782614484.260803699.png,1,轻度,inherited,1782614484.004338503
scene_0,1782614484.516316414,cam0,1782614484.516316414.png,1,轻度,manual,
scene_0,1782614484.516316414,cam1,1782614484.516316414.png,1,轻度,manual,
scene_0,1782614484.516316414,cam3,1782614484.516316414.png,1,轻度,inherited,1782614484.260803699
scene_0,1782614484.516316414,cam4,1782614484.516316414.png,1,轻度,inherited,1782614484.260803699
scene_0,1782614484.783029795,cam0,1782614484.783029795.png,1,轻度,inherited,1782614484.516316414
scene_0,1782614484.783029795,cam1,1782614484.783029795.png,1,轻度,inherited,1782614484.516316414
scene_0,1782614484.783029795,cam3,1782614484.783029795.png,1,轻度,inherited,1782614484.516316414
scene_0,1782614484.783029795,cam4,1782614484.783029795.png,1,轻度,inherited,1782614484.516316414
scene_0,1782614485.049842596,cam0,1782614485.049842596.png,1,轻度,inherited,1782614484.783029795
scene_0,1782614485.049842596,cam1,1782614485.049842596.png,1,轻度,inherited,1782614484.783029795
scene_0,1782614485.049842596,cam3,1782614485.049842596.png,1,轻度,inherited,1782614484.783029795
scene_0,1782614485.314495802,cam0,1782614485.314495802.png,1,轻度,inherited,1782614485.049842596
scene_0,1782614485.314495802,cam1,1782614485.314495802.png,1,轻度,inherited,1782614485.049842596
scene_0,1782614485.314495802,cam3,1782614485.314495802.png,1,轻度,inherited,1782614485.049842596
scene_0,1782614485.576257467,cam0,1782614485.576257467.png,1,轻度,inherited,1782614485.314495802
scene_0,1782614485.576257467,cam1,1782614485.576257467.png,1,轻度,inherited,1782614485.314495802
scene_0,1782614485.576257467,cam3,1782614485.576257467.png,1,轻度,inherited,1782614485.314495802
scene_0,1782614485.837564945,cam0,1782614485.837564945.png,1,轻度,inherited,1782614485.576257467
scene_0,1782614485.837564945,cam1,1782614485.837564945.png,1,轻度,inherited,1782614485.576257467
scene_0,1782614485.837564945,cam3,1782614485.837564945.png,1,轻度,inherited,1782614485.576257467
scene_0,1782614485.837564945,cam4,1782614485.837564945.png,1,轻度,manual,
scene_0,1782614486.099899054,cam0,1782614486.099899054.png,1,轻度,inherited,1782614485.837564945
scene_0,1782614486.099899054,cam1,1782614486.099899054.png,1,轻度,inherited,1782614485.837564945
scene_0,1782614486.099899054,cam3,1782614486.099899054.png,1,轻度,inherited,1782614485.837564945
scene_0,1782614486.099899054,cam4,1782614486.099899054.png,1,轻度,inherited,1782614485.837564945
scene_0,1782614486.365067720,cam0,1782614486.365067720.png,1,轻度,inherited,1782614486.099899054
scene_0,1782614486.365067720,cam1,1782614486.365067720.png,1,轻度,inherited,1782614486.099899054
scene_0,1782614486.365067720,cam3,1782614486.365067720.png,1,轻度,inherited,1782614486.099899054
scene_0,1782614486.365067720,cam4,1782614486.365067720.png,1,轻度,inherited,1782614486.099899054
scene_0,1782614486.628509998,cam0,1782614486.628509998.png,1,轻度,inherited,1782614486.365067720
scene_0,1782614486.628509998,cam1,1782614486.628509998.png,1,轻度,inherited,1782614486.365067720
scene_0,1782614486.628509998,cam3,1782614486.628509998.png,1,轻度,inherited,1782614486.365067720
scene_0,1782614486.628509998,cam4,1782614486.628509998.png,1,轻度,inherited,1782614486.365067720
scene_0,1782614486.899854660,cam0,1782614486.899854660.png,1,轻度,inherited,1782614486.628509998
scene_0,1782614486.899854660,cam1,1782614486.899854660.png,1,轻度,inherited,1782614486.628509998
scene_0,1782614486.899854660,cam3,1782614486.899854660.png,1,轻度,inherited,1782614486.628509998
scene_0,1782614486.899854660,cam4,1782614486.899854660.png,1,轻度,inherited,1782614486.628509998
scene_0,1782614487.166621208,cam0,1782614487.166621208.png,1,轻度,inherited,1782614486.899854660
scene_0,1782614487.166621208,cam1,1782614487.166621208.png,1,轻度,inherited,1782614486.899854660
scene_0,1782614487.166621208,cam2,1782614487.166621208.png,1,轻度,manual,
scene_0,1782614487.166621208,cam3,1782614487.166621208.png,1,轻度,inherited,1782614486.899854660
scene_0,1782614487.166621208,cam4,1782614487.166621208.png,1,轻度,inherited,1782614486.899854660
scene_0,1782614487.428258896,cam0,1782614487.428258896.png,1,轻度,inherited,1782614487.166621208
scene_0,1782614487.428258896,cam1,1782614487.428258896.png,1,轻度,inherited,1782614487.166621208
scene_0,1782614487.428258896,cam2,1782614487.428258896.png,1,轻度,inherited,1782614487.166621208
scene_0,1782614487.428258896,cam3,1782614487.428258896.png,1,轻度,inherited,1782614487.166621208
scene_0,1782614487.428258896,cam4,1782614487.428258896.png,1,轻度,inherited,1782614487.166621208
scene_0,1782614487.686821699,cam0,1782614487.686821699.png,1,轻度,inherited,1782614487.428258896
scene_0,1782614487.686821699,cam1,1782614487.686821699.png,1,轻度,inherited,1782614487.428258896
scene_0,1782614487.686821699,cam2,1782614487.686821699.png,1,轻度,inherited,1782614487.428258896
scene_0,1782614487.686821699,cam3,1782614487.686821699.png,1,轻度,inherited,1782614487.428258896
scene_0,1782614487.686821699,cam4,1782614487.686821699.png,1,轻度,inherited,1782614487.428258896
scene_0,1782614487.947268248,cam0,1782614487.947268248.png,1,轻度,inherited,1782614487.686821699
scene_0,1782614487.947268248,cam1,1782614487.947268248.png,1,轻度,inherited,1782614487.686821699
scene_0,1782614487.947268248,cam2,1782614487.947268248.png,1,轻度,inherited,1782614487.686821699
scene_0,1782614487.947268248,cam4,1782614487.947268248.png,1,轻度,inherited,1782614487.686821699
scene_0,1782614488.219920397,cam0,1782614488.219920397.png,1,轻度,inherited,1782614487.947268248
scene_0,1782614488.219920397,cam1,1782614488.219920397.png,1,轻度,inherited,1782614487.947268248
scene_0,1782614488.219920397,cam2,1782614488.219920397.png,1,轻度,inherited,1782614487.947268248
scene_0,1782614488.219920397,cam4,1782614488.219920397.png,1,轻度,inherited,1782614487.947268248
scene_0,1782614488.486172438,cam0,1782614488.486172438.png,1,轻度,inherited,1782614488.219920397
scene_0,1782614488.486172438,cam1,1782614488.486172438.png,1,轻度,inherited,1782614488.219920397
scene_0,1782614488.486172438,cam2,1782614488.486172438.png,1,轻度,inherited,1782614488.219920397
scene_0,1782614488.486172438,cam4,1782614488.486172438.png,1,轻度,inherited,1782614488.219920397
scene_0,1782614488.741672277,cam0,1782614488.741672277.png,1,轻度,inherited,1782614488.486172438
scene_0,1782614488.741672277,cam1,1782614488.741672277.png,1,轻度,inherited,1782614488.486172438
scene_0,1782614488.741672277,cam2,1782614488.741672277.png,1,轻度,inherited,1782614488.486172438
scene_0,1782614488.741672277,cam4,1782614488.741672277.png,1,轻度,inherited,1782614488.486172438
scene_0,1782614488.997359514,cam0,1782614488.997359514.png,1,轻度,inherited,1782614488.741672277
scene_0,1782614488.997359514,cam1,1782614488.997359514.png,1,轻度,inherited,1782614488.741672277
scene_0,1782614488.997359514,cam2,1782614488.997359514.png,1,轻度,inherited,1782614488.741672277
scene_0,1782614488.997359514,cam4,1782614488.997359514.png,1,轻度,inherited,1782614488.741672277
scene_0,1782614489.246073484,cam0,1782614489.246073484.png,1,轻度,inherited,1782614488.997359514
scene_0,1782614489.246073484,cam1,1782614489.246073484.png,1,轻度,inherited,1782614488.997359514
scene_0,1782614489.246073484,cam2,1782614489.246073484.png,1,轻度,inherited,1782614488.997359514
scene_0,1782614489.246073484,cam4,1782614489.246073484.png,1,轻度,inherited,1782614488.997359514
scene_0,1782614489.498585701,cam0,1782614489.498585701.png,1,轻度,inherited,1782614489.246073484
scene_0,1782614489.498585701,cam1,1782614489.498585701.png,1,轻度,inherited,1782614489.246073484
scene_0,1782614489.498585701,cam2,1782614489.498585701.png,1,轻度,inherited,1782614489.246073484
scene_0,1782614489.498585701,cam4,1782614489.498585701.png,1,轻度,inherited,1782614489.246073484
scene_0,1782614489.751253128,cam0,1782614489.751253128.png,1,轻度,inherited,1782614489.498585701
scene_0,1782614489.751253128,cam1,1782614489.751253128.png,1,轻度,inherited,1782614489.498585701
scene_0,1782614489.751253128,cam2,1782614489.751253128.png,1,轻度,inherited,1782614489.498585701
scene_0,1782614489.751253128,cam4,1782614489.751253128.png,1,轻度,inherited,1782614489.498585701
scene_0,1782614489.751253128,cam5,1782614489.751253128.png,1,轻度,manual,
scene_0,1782614490.008010387,cam0,1782614490.008010387.png,1,轻度,inherited,1782614489.751253128
scene_0,1782614490.008010387,cam2,1782614490.008010387.png,1,轻度,inherited,1782614489.751253128
scene_0,1782614490.008010387,cam3,1782614490.008010387.png,1,轻度,manual,
scene_0,1782614490.008010387,cam4,1782614490.008010387.png,1,轻度,inherited,1782614489.751253128
scene_0,1782614490.008010387,cam5,1782614490.008010387.png,1,轻度,manual,
scene_0,1782614490.260688543,cam2,1782614490.260688543.png,1,轻度,inherited,1782614490.008010387
scene_0,1782614490.260688543,cam3,1782614490.260688543.png,1,轻度,inherited,1782614490.008010387
scene_0,1782614490.260688543,cam4,1782614490.260688543.png,1,轻度,inherited,1782614490.008010387
scene_0,1782614490.260688543,cam5,1782614490.260688543.png,1,轻度,inherited,1782614490.008010387
scene_0,1782614490.512635469,cam2,1782614490.512635469.png,1,轻度,inherited,1782614490.260688543
scene_0,1782614490.512635469,cam3,1782614490.512635469.png,1,轻度,inherited,1782614490.260688543
scene_0,1782614490.512635469,cam4,1782614490.512635469.png,1,轻度,inherited,1782614490.260688543
scene_0,1782614490.512635469,cam5,1782614490.512635469.png,1,轻度,inherited,1782614490.260688543
scene_0,1782614490.767653465,cam2,1782614490.767653465.png,1,轻度,inherited,1782614490.512635469
scene_0,1782614490.767653465,cam3,1782614490.767653465.png,1,轻度,inherited,1782614490.512635469
scene_0,1782614490.767653465,cam4,1782614490.767653465.png,1,轻度,inherited,1782614490.512635469
scene_0,1782614490.767653465,cam5,1782614490.767653465.png,1,轻度,inherited,1782614490.512635469
scene_0,1782614491.018382549,cam2,1782614491.018382549.png,1,轻度,inherited,1782614490.767653465
scene_0,1782614491.018382549,cam3,1782614491.018382549.png,1,轻度,inherited,1782614490.767653465
scene_0,1782614491.018382549,cam4,1782614491.018382549.png,1,轻度,inherited,1782614490.767653465
scene_0,1782614491.018382549,cam5,1782614491.018382549.png,1,轻度,inherited,1782614490.767653465
scene_0,1782614491.272540331,cam2,1782614491.272540331.png,1,轻度,inherited,1782614491.018382549
scene_0,1782614491.272540331,cam3,1782614491.272540331.png,1,轻度,inherited,1782614491.018382549
scene_0,1782614491.272540331,cam4,1782614491.272540331.png,1,轻度,inherited,1782614491.018382549
scene_0,1782614491.272540331,cam5,1782614491.272540331.png,1,轻度,inherited,1782614491.018382549
scene_0,1782614491.526908875,cam2,1782614491.526908875.png,1,轻度,inherited,1782614491.272540331
scene_0,1782614491.526908875,cam3,1782614491.526908875.png,1,轻度,inherited,1782614491.272540331
scene_0,1782614491.526908875,cam4,1782614491.526908875.png,1,轻度,inherited,1782614491.272540331
scene_0,1782614491.526908875,cam5,1782614491.526908875.png,1,轻度,inherited,1782614491.272540331
scene_0,1782614491.780571461,cam2,1782614491.780571461.png,1,轻度,inherited,1782614491.526908875
scene_0,1782614491.780571461,cam3,1782614491.780571461.png,1,轻度,inherited,1782614491.526908875
scene_0,1782614491.780571461,cam4,1782614491.780571461.png,1,轻度,inherited,1782614491.526908875
scene_0,1782614491.780571461,cam5,1782614491.780571461.png,1,轻度,inherited,1782614491.526908875
scene_0,1782614492.032025576,cam2,1782614492.032025576.png,1,轻度,inherited,1782614491.780571461
scene_0,1782614492.032025576,cam3,1782614492.032025576.png,1,轻度,inherited,1782614491.780571461
scene_0,1782614492.032025576,cam4,1782614492.032025576.png,1,轻度,inherited,1782614491.780571461
scene_0,1782614492.032025576,cam5,1782614492.032025576.png,1,轻度,inherited,1782614491.780571461
scene_0,1782614492.284329891,cam2,1782614492.284329891.png,1,轻度,inherited,1782614492.032025576
scene_0,1782614492.284329891,cam3,1782614492.284329891.png,1,轻度,inherited,1782614492.032025576
scene_0,1782614492.284329891,cam5,1782614492.284329891.png,1,轻度,inherited,1782614492.032025576
scene_0,1782614492.534143209,cam0,1782614492.534143209.png,1,轻度,manual,
scene_0,1782614492.534143209,cam2,1782614492.534143209.png,1,轻度,inherited,1782614492.284329891
scene_0,1782614492.534143209,cam3,1782614492.534143209.png,1,轻度,inherited,1782614492.284329891
scene_0,1782614492.534143209,cam5,1782614492.534143209.png,1,轻度,inherited,1782614492.284329891
scene_0,1782614492.783260822,cam0,1782614492.783260822.png,1,轻度,inherited,1782614492.534143209
scene_0,1782614492.783260822,cam2,1782614492.783260822.png,1,轻度,inherited,1782614492.534143209
scene_0,1782614492.783260822,cam3,1782614492.783260822.png,1,轻度,inherited,1782614492.534143209
scene_0,1782614492.783260822,cam5,1782614492.783260822.png,1,轻度,inherited,1782614492.534143209
scene_0,1782614493.035968781,cam0,1782614493.035968781.png,1,轻度,inherited,1782614492.783260822
scene_0,1782614493.035968781,cam3,1782614493.035968781.png,1,轻度,inherited,1782614492.783260822
scene_0,1782614493.035968781,cam5,1782614493.035968781.png,1,轻度,inherited,1782614492.783260822
scene_0,1782614493.288645029,cam0,1782614493.288645029.png,1,轻度,inherited,1782614493.035968781
scene_0,1782614493.288645029,cam3,1782614493.288645029.png,1,轻度,inherited,1782614493.035968781
scene_0,1782614493.288645029,cam5,1782614493.288645029.png,1,轻度,inherited,1782614493.035968781
scene_0,1782614493.540462971,cam0,1782614493.540462971.png,1,轻度,inherited,1782614493.288645029
scene_0,1782614493.540462971,cam3,1782614493.540462971.png,1,轻度,inherited,1782614493.288645029
scene_0,1782614493.540462971,cam5,1782614493.540462971.png,1,轻度,inherited,1782614493.288645029
scene_0,1782614493.795521975,cam0,1782614493.795521975.png,1,轻度,inherited,1782614493.540462971
scene_0,1782614493.795521975,cam3,1782614493.795521975.png,1,轻度,inherited,1782614493.540462971
scene_0,1782614493.795521975,cam5,1782614493.795521975.png,1,轻度,inherited,1782614493.540462971
scene_0,1782614494.045472383,cam0,1782614494.045472383.png,1,轻度,inherited,1782614493.795521975
scene_0,1782614494.045472383,cam3,1782614494.045472383.png,1,轻度,inherited,1782614493.795521975
scene_0,1782614494.045472383,cam5,1782614494.045472383.png,1,轻度,inherited,1782614493.795521975
scene_0,1782614494.301461697,cam0,1782614494.301461697.png,1,轻度,inherited,1782614494.045472383
scene_0,1782614494.301461697,cam3,1782614494.301461697.png,1,轻度,inherited,1782614494.045472383
scene_0,1782614494.301461697,cam5,1782614494.301461697.png,1,轻度,inherited,1782614494.045472383
scene_0,1782614494.562811613,cam0,1782614494.562811613.png,1,轻度,inherited,1782614494.301461697
scene_0,1782614494.562811613,cam3,1782614494.562811613.png,1,轻度,inherited,1782614494.301461697
scene_0,1782614494.562811613,cam5,1782614494.562811613.png,1,轻度,inherited,1782614494.301461697
scene_0,1782614494.814705133,cam0,1782614494.814705133.png,1,轻度,inherited,1782614494.562811613
scene_0,1782614494.814705133,cam1,1782614494.814705133.png,1,轻度,manual,
scene_0,1782614494.814705133,cam2,1782614494.814705133.png,1,轻度,manual,
scene_0,1782614494.814705133,cam3,1782614494.814705133.png,1,轻度,inherited,1782614494.562811613
scene_0,1782614494.814705133,cam4,1782614494.814705133.png,1,轻度,manual,
scene_0,1782614494.814705133,cam5,1782614494.814705133.png,1,轻度,inherited,1782614494.562811613
scene_0,1782614495.068513155,cam0,1782614495.068513155.png,1,轻度,inherited,1782614494.814705133
scene_0,1782614495.068513155,cam1,1782614495.068513155.png,1,轻度,inherited,1782614494.814705133
scene_0,1782614495.068513155,cam2,1782614495.068513155.png,1,轻度,inherited,1782614494.814705133
scene_0,1782614495.068513155,cam3,1782614495.068513155.png,1,轻度,inherited,1782614494.814705133
scene_0,1782614495.068513155,cam4,1782614495.068513155.png,1,轻度,inherited,1782614494.814705133
scene_0,1782614495.068513155,cam5,1782614495.068513155.png,1,轻度,inherited,1782614494.814705133
scene_0,1782614495.321296692,cam0,1782614495.321296692.png,1,轻度,inherited,1782614495.068513155
scene_0,1782614495.321296692,cam1,1782614495.321296692.png,1,轻度,inherited,1782614495.068513155
scene_0,1782614495.321296692,cam2,1782614495.321296692.png,1,轻度,inherited,1782614495.068513155
scene_0,1782614495.321296692,cam3,1782614495.321296692.png,1,轻度,inherited,1782614495.068513155
scene_0,1782614495.321296692,cam4,1782614495.321296692.png,1,轻度,inherited,1782614495.068513155
scene_0,1782614495.321296692,cam5,1782614495.321296692.png,1,轻度,inherited,1782614495.068513155
scene_0,1782614495.569603682,cam0,1782614495.569603682.png,1,轻度,inherited,1782614495.321296692
scene_0,1782614495.569603682,cam1,1782614495.569603682.png,1,轻度,inherited,1782614495.321296692
scene_0,1782614495.569603682,cam2,1782614495.569603682.png,1,轻度,inherited,1782614495.321296692
scene_0,1782614495.569603682,cam3,1782614495.569603682.png,1,轻度,inherited,1782614495.321296692
scene_0,1782614495.569603682,cam4,1782614495.569603682.png,1,轻度,inherited,1782614495.321296692
scene_0,1782614495.820966482,cam0,1782614495.820966482.png,1,轻度,inherited,1782614495.569603682
scene_0,1782614495.820966482,cam1,1782614495.820966482.png,1,轻度,inherited,1782614495.569603682
scene_0,1782614495.820966482,cam2,1782614495.820966482.png,1,轻度,inherited,1782614495.569603682
scene_0,1782614495.820966482,cam3,1782614495.820966482.png,1,轻度,inherited,1782614495.569603682
scene_0,1782614495.820966482,cam4,1782614495.820966482.png,1,轻度,inherited,1782614495.569603682
scene_0,1782614496.073199034,cam0,1782614496.073199034.png,1,轻度,inherited,1782614495.820966482
scene_0,1782614496.073199034,cam1,1782614496.073199034.png,1,轻度,inherited,1782614495.820966482
scene_0,1782614496.073199034,cam2,1782614496.073199034.png,1,轻度,inherited,1782614495.820966482
scene_0,1782614496.073199034,cam3,1782614496.073199034.png,1,轻度,inherited,1782614495.820966482
scene_0,1782614496.073199034,cam4,1782614496.073199034.png,1,轻度,inherited,1782614495.820966482
scene_0,1782614496.331612587,cam0,1782614496.331612587.png,1,轻度,inherited,1782614496.073199034
scene_0,1782614496.331612587,cam1,1782614496.331612587.png,1,轻度,inherited,1782614496.073199034
scene_0,1782614496.331612587,cam2,1782614496.331612587.png,1,轻度,inherited,1782614496.073199034
scene_0,1782614496.331612587,cam3,1782614496.331612587.png,1,轻度,inherited,1782614496.073199034
scene_0,1782614496.331612587,cam4,1782614496.331612587.png,1,轻度,inherited,1782614496.073199034
scene_0,1782614496.590528250,cam0,1782614496.590528250.png,1,轻度,inherited,1782614496.331612587
scene_0,1782614496.590528250,cam1,1782614496.590528250.png,1,轻度,inherited,1782614496.331612587
scene_0,1782614496.590528250,cam2,1782614496.590528250.png,1,轻度,inherited,1782614496.331612587
scene_0,1782614496.590528250,cam3,1782614496.590528250.png,1,轻度,inherited,1782614496.331612587
scene_0,1782614496.590528250,cam4,1782614496.590528250.png,1,轻度,inherited,1782614496.331612587
scene_0,1782614496.852460861,cam0,1782614496.852460861.png,1,轻度,inherited,1782614496.590528250
scene_0,1782614496.852460861,cam1,1782614496.852460861.png,1,轻度,inherited,1782614496.590528250
scene_0,1782614496.852460861,cam2,1782614496.852460861.png,1,轻度,inherited,1782614496.590528250
scene_0,1782614496.852460861,cam3,1782614496.852460861.png,1,轻度,inherited,1782614496.590528250
scene_0,1782614496.852460861,cam4,1782614496.852460861.png,1,轻度,inherited,1782614496.590528250
scene_0,1782614497.115321875,cam0,1782614497.115321875.png,1,轻度,inherited,1782614496.852460861
scene_0,1782614497.115321875,cam1,1782614497.115321875.png,1,轻度,inherited,1782614496.852460861
scene_0,1782614497.115321875,cam2,1782614497.115321875.png,1,轻度,inherited,1782614496.852460861
scene_0,1782614497.115321875,cam3,1782614497.115321875.png,1,轻度,inherited,1782614496.852460861
scene_0,1782614497.115321875,cam4,1782614497.115321875.png,1,轻度,inherited,1782614496.852460861
scene_0,1782614497.373322725,cam0,1782614497.373322725.png,1,轻度,inherited,1782614497.115321875
scene_0,1782614497.373322725,cam1,1782614497.373322725.png,1,轻度,inherited,1782614497.115321875
scene_0,1782614497.373322725,cam2,1782614497.373322725.png,1,轻度,inherited,1782614497.115321875
scene_0,1782614497.373322725,cam3,1782614497.373322725.png,1,轻度,inherited,1782614497.115321875
scene_0,1782614497.373322725,cam4,1782614497.373322725.png,1,轻度,inherited,1782614497.115321875
scene_0,1782614497.645929098,cam0,1782614497.645929098.png,1,轻度,inherited,1782614497.373322725
scene_0,1782614497.645929098,cam1,1782614497.645929098.png,1,轻度,inherited,1782614497.373322725
scene_0,1782614497.645929098,cam2,1782614497.645929098.png,1,轻度,inherited,1782614497.373322725
scene_0,1782614497.645929098,cam3,1782614497.645929098.png,1,轻度,inherited,1782614497.373322725
scene_0,1782614497.645929098,cam4,1782614497.645929098.png,1,轻度,inherited,1782614497.373322725
scene_0,1782614497.913226604,cam0,1782614497.913226604.png,1,轻度,inherited,1782614497.645929098
scene_0,1782614497.913226604,cam1,1782614497.913226604.png,1,轻度,inherited,1782614497.645929098
scene_0,1782614497.913226604,cam2,1782614497.913226604.png,1,轻度,inherited,1782614497.645929098
scene_0,1782614497.913226604,cam3,1782614497.913226604.png,1,轻度,inherited,1782614497.645929098
scene_0,1782614497.913226604,cam4,1782614497.913226604.png,1,轻度,inherited,1782614497.645929098
scene_0,1782614498.172984362,cam0,1782614498.172984362.png,1,轻度,inherited,1782614497.913226604
scene_0,1782614498.172984362,cam1,1782614498.172984362.png,1,轻度,inherited,1782614497.913226604
scene_0,1782614498.172984362,cam2,1782614498.172984362.png,1,轻度,inherited,1782614497.913226604
scene_0,1782614498.172984362,cam3,1782614498.172984362.png,1,轻度,inherited,1782614497.913226604
scene_0,1782614498.172984362,cam4,1782614498.172984362.png,1,轻度,inherited,1782614497.913226604
scene_0,1782614498.432590485,cam0,1782614498.432590485.png,1,轻度,inherited,1782614498.172984362
scene_0,1782614498.432590485,cam1,1782614498.432590485.png,1,轻度,inherited,1782614498.172984362
scene_0,1782614498.432590485,cam2,1782614498.432590485.png,1,轻度,inherited,1782614498.172984362
scene_0,1782614498.432590485,cam3,1782614498.432590485.png,1,轻度,inherited,1782614498.172984362
scene_0,1782614498.432590485,cam4,1782614498.432590485.png,1,轻度,inherited,1782614498.172984362
scene_0,1782614498.697743177,cam0,1782614498.697743177.png,1,轻度,inherited,1782614498.432590485
scene_0,1782614498.697743177,cam1,1782614498.697743177.png,1,轻度,inherited,1782614498.432590485
scene_0,1782614498.697743177,cam2,1782614498.697743177.png,1,轻度,inherited,1782614498.432590485
scene_0,1782614498.697743177,cam3,1782614498.697743177.png,1,轻度,inherited,1782614498.432590485
scene_0,1782614498.697743177,cam4,1782614498.697743177.png,1,轻度,inherited,1782614498.432590485
scene_0,1782614498.959811687,cam0,1782614498.959811687.png,1,轻度,inherited,1782614498.697743177
scene_0,1782614498.959811687,cam1,1782614498.959811687.png,1,轻度,inherited,1782614498.697743177
scene_0,1782614498.959811687,cam2,1782614498.959811687.png,1,轻度,inherited,1782614498.697743177
scene_0,1782614498.959811687,cam3,1782614498.959811687.png,1,轻度,inherited,1782614498.697743177
scene_0,1782614498.959811687,cam4,1782614498.959811687.png,1,轻度,inherited,1782614498.697743177
scene_0,1782614499.225348473,cam0,1782614499.225348473.png,1,轻度,inherited,1782614498.959811687
scene_0,1782614499.225348473,cam1,1782614499.225348473.png,1,轻度,inherited,1782614498.959811687
scene_0,1782614499.225348473,cam2,1782614499.225348473.png,1,轻度,inherited,1782614498.959811687
scene_0,1782614499.225348473,cam3,1782614499.225348473.png,1,轻度,inherited,1782614498.959811687
scene_0,1782614499.225348473,cam4,1782614499.225348473.png,1,轻度,inherited,1782614498.959811687
scene_0,1782614499.488335371,cam0,1782614499.488335371.png,1,轻度,inherited,1782614499.225348473
scene_0,1782614499.488335371,cam1,1782614499.488335371.png,1,轻度,inherited,1782614499.225348473
scene_0,1782614499.488335371,cam2,1782614499.488335371.png,1,轻度,inherited,1782614499.225348473
scene_0,1782614499.488335371,cam3,1782614499.488335371.png,1,轻度,inherited,1782614499.225348473
scene_0,1782614499.488335371,cam4,1782614499.488335371.png,1,轻度,inherited,1782614499.225348473
scene_0,1782614499.754264593,cam0,1782614499.754264593.png,1,轻度,inherited,1782614499.488335371
scene_0,1782614499.754264593,cam1,1782614499.754264593.png,1,轻度,inherited,1782614499.488335371
scene_0,1782614499.754264593,cam2,1782614499.754264593.png,1,轻度,inherited,1782614499.488335371
scene_0,1782614499.754264593,cam3,1782614499.754264593.png,1,轻度,inherited,1782614499.488335371
scene_0,1782614499.754264593,cam4,1782614499.754264593.png,1,轻度,inherited,1782614499.488335371
scene_0,1782614500.013961792,cam0,1782614500.013961792.png,1,轻度,inherited,1782614499.754264593
scene_0,1782614500.013961792,cam1,1782614500.013961792.png,1,轻度,inherited,1782614499.754264593
scene_0,1782614500.013961792,cam2,1782614500.013961792.png,1,轻度,inherited,1782614499.754264593
scene_0,1782614500.013961792,cam3,1782614500.013961792.png,1,轻度,inherited,1782614499.754264593
scene_0,1782614500.013961792,cam4,1782614500.013961792.png,1,轻度,inherited,1782614499.754264593
scene_0,1782614500.269199133,cam0,1782614500.269199133.png,1,轻度,inherited,1782614500.013961792
scene_0,1782614500.269199133,cam1,1782614500.269199133.png,1,轻度,inherited,1782614500.013961792
scene_0,1782614500.269199133,cam2,1782614500.269199133.png,1,轻度,inherited,1782614500.013961792
scene_0,1782614500.269199133,cam3,1782614500.269199133.png,1,轻度,inherited,1782614500.013961792
scene_0,1782614500.269199133,cam4,1782614500.269199133.png,1,轻度,inherited,1782614500.013961792
scene_0,1782614500.522338390,cam0,1782614500.522338390.png,1,轻度,inherited,1782614500.269199133
scene_0,1782614500.522338390,cam1,1782614500.522338390.png,1,轻度,inherited,1782614500.269199133
scene_0,1782614500.522338390,cam3,1782614500.522338390.png,1,轻度,inherited,1782614500.269199133
scene_0,1782614500.522338390,cam4,1782614500.522338390.png,1,轻度,inherited,1782614500.269199133
scene_0,1782614500.773418665,cam0,1782614500.773418665.png,1,轻度,inherited,1782614500.522338390
scene_0,1782614500.773418665,cam1,1782614500.773418665.png,1,轻度,inherited,1782614500.522338390
scene_0,1782614500.773418665,cam3,1782614500.773418665.png,1,轻度,inherited,1782614500.522338390
scene_0,1782614500.773418665,cam4,1782614500.773418665.png,1,轻度,inherited,1782614500.522338390
scene_0,1782614501.023328543,cam0,1782614501.023328543.png,1,轻度,inherited,1782614500.773418665
scene_0,1782614501.023328543,cam1,1782614501.023328543.png,1,轻度,inherited,1782614500.773418665
scene_0,1782614501.023328543,cam3,1782614501.023328543.png,1,轻度,inherited,1782614500.773418665
scene_0,1782614501.023328543,cam4,1782614501.023328543.png,1,轻度,inherited,1782614500.773418665
scene_0,1782614501.276928186,cam0,1782614501.276928186.png,1,轻度,inherited,1782614501.023328543
scene_0,1782614501.276928186,cam1,1782614501.276928186.png,1,轻度,inherited,1782614501.023328543
scene_0,1782614501.276928186,cam3,1782614501.276928186.png,1,轻度,inherited,1782614501.023328543
scene_0,1782614501.276928186,cam4,1782614501.276928186.png,1,轻度,inherited,1782614501.023328543
scene_0,1782614501.531299829,cam0,1782614501.531299829.png,1,轻度,inherited,1782614501.276928186
scene_0,1782614501.531299829,cam1,1782614501.531299829.png,1,轻度,inherited,1782614501.276928186
scene_0,1782614501.531299829,cam3,1782614501.531299829.png,1,轻度,inherited,1782614501.276928186
scene_0,1782614501.531299829,cam4,1782614501.531299829.png,1,轻度,inherited,1782614501.276928186
scene_0,1782614501.783360958,cam0,1782614501.783360958.png,1,轻度,inherited,1782614501.531299829
scene_0,1782614501.783360958,cam1,1782614501.783360958.png,1,轻度,inherited,1782614501.531299829
scene_0,1782614501.783360958,cam3,1782614501.783360958.png,1,轻度,inherited,1782614501.531299829
scene_0,1782614501.783360958,cam4,1782614501.783360958.png,1,轻度,inherited,1782614501.531299829
scene_0,1782614502.031279802,cam0,1782614502.031279802.png,1,轻度,inherited,1782614501.783360958
scene_0,1782614502.031279802,cam1,1782614502.031279802.png,1,轻度,inherited,1782614501.783360958
scene_0,1782614502.031279802,cam3,1782614502.031279802.png,1,轻度,inherited,1782614501.783360958
scene_0,1782614502.031279802,cam4,1782614502.031279802.png,1,轻度,inherited,1782614501.783360958
scene_0,1782614502.282551527,cam0,1782614502.282551527.png,1,轻度,inherited,1782614502.031279802
scene_0,1782614502.282551527,cam1,1782614502.282551527.png,1,轻度,inherited,1782614502.031279802
scene_0,1782614502.282551527,cam3,1782614502.282551527.png,1,轻度,inherited,1782614502.031279802
scene_0,1782614502.282551527,cam4,1782614502.282551527.png,1,轻度,inherited,1782614502.031279802
scene_0,1782614502.533442497,cam0,1782614502.533442497.png,1,轻度,inherited,1782614502.282551527
scene_0,1782614502.533442497,cam1,1782614502.533442497.png,1,轻度,inherited,1782614502.282551527
scene_0,1782614502.533442497,cam3,1782614502.533442497.png,1,轻度,inherited,1782614502.282551527
scene_0,1782614502.533442497,cam4,1782614502.533442497.png,1,轻度,inherited,1782614502.282551527
scene_0,1782614502.793600798,cam0,1782614502.793600798.png,1,轻度,inherited,1782614502.533442497
scene_0,1782614502.793600798,cam1,1782614502.793600798.png,1,轻度,inherited,1782614502.533442497
scene_0,1782614502.793600798,cam3,1782614502.793600798.png,1,轻度,inherited,1782614502.533442497
scene_0,1782614502.793600798,cam4,1782614502.793600798.png,1,轻度,inherited,1782614502.533442497
scene_0,1782614503.048394918,cam0,1782614503.048394918.png,1,轻度,inherited,1782614502.793600798
scene_0,1782614503.048394918,cam1,1782614503.048394918.png,1,轻度,inherited,1782614502.793600798
scene_0,1782614503.048394918,cam3,1782614503.048394918.png,1,轻度,inherited,1782614502.793600798
scene_0,1782614503.048394918,cam4,1782614503.048394918.png,1,轻度,inherited,1782614502.793600798
scene_0,1782614503.305713892,cam0,1782614503.305713892.png,1,轻度,inherited,1782614503.048394918
scene_0,1782614503.305713892,cam1,1782614503.305713892.png,1,轻度,inherited,1782614503.048394918
scene_0,1782614503.305713892,cam3,1782614503.305713892.png,1,轻度,inherited,1782614503.048394918
scene_0,1782614503.305713892,cam4,1782614503.305713892.png,1,轻度,inherited,1782614503.048394918
scene_0,1782614503.559183598,cam0,1782614503.559183598.png,1,轻度,inherited,1782614503.305713892
scene_0,1782614503.559183598,cam1,1782614503.559183598.png,1,轻度,inherited,1782614503.305713892
scene_0,1782614503.559183598,cam3,1782614503.559183598.png,1,轻度,inherited,1782614503.305713892
scene_0,1782614503.559183598,cam4,1782614503.559183598.png,1,轻度,inherited,1782614503.305713892
scene_0,1782614503.815174103,cam0,1782614503.815174103.png,1,轻度,inherited,1782614503.559183598
scene_0,1782614503.815174103,cam1,1782614503.815174103.png,1,轻度,inherited,1782614503.559183598
scene_0,1782614503.815174103,cam3,1782614503.815174103.png,1,轻度,inherited,1782614503.559183598
scene_0,1782614503.815174103,cam4,1782614503.815174103.png,1,轻度,inherited,1782614503.559183598
scene_0,1782614504.070565462,cam0,1782614504.070565462.png,1,轻度,inherited,1782614503.815174103
scene_0,1782614504.070565462,cam1,1782614504.070565462.png,1,轻度,inherited,1782614503.815174103
scene_0,1782614504.070565462,cam3,1782614504.070565462.png,1,轻度,inherited,1782614503.815174103
scene_0,1782614504.070565462,cam4,1782614504.070565462.png,1,轻度,inherited,1782614503.815174103
scene_0,1782614504.323967457,cam0,1782614504.323967457.png,1,轻度,inherited,1782614504.070565462
scene_0,1782614504.323967457,cam1,1782614504.323967457.png,1,轻度,inherited,1782614504.070565462
scene_0,1782614504.323967457,cam3,1782614504.323967457.png,1,轻度,inherited,1782614504.070565462
scene_0,1782614504.323967457,cam4,1782614504.323967457.png,1,轻度,inherited,1782614504.070565462
scene_0,1782614504.575360060,cam0,1782614504.575360060.png,1,轻度,inherited,1782614504.323967457
scene_0,1782614504.575360060,cam1,1782614504.575360060.png,1,轻度,inherited,1782614504.323967457
scene_0,1782614504.575360060,cam3,1782614504.575360060.png,1,轻度,inherited,1782614504.323967457
scene_0,1782614504.830528736,cam0,1782614504.830528736.png,1,轻度,inherited,1782614504.575360060
scene_0,1782614504.830528736,cam1,1782614504.830528736.png,1,轻度,inherited,1782614504.575360060
scene_0,1782614504.830528736,cam3,1782614504.830528736.png,1,轻度,inherited,1782614504.575360060
scene_0,1782614505.083907604,cam0,1782614505.083907604.png,1,轻度,inherited,1782614504.830528736
scene_0,1782614505.083907604,cam1,1782614505.083907604.png,1,轻度,inherited,1782614504.830528736
scene_0,1782614505.083907604,cam3,1782614505.083907604.png,1,轻度,inherited,1782614504.830528736
scene_0,1782614505.334587097,cam0,1782614505.334587097.png,1,轻度,inherited,1782614505.083907604
scene_0,1782614505.334587097,cam1,1782614505.334587097.png,1,轻度,inherited,1782614505.083907604
scene_0,1782614505.334587097,cam3,1782614505.334587097.png,1,轻度,inherited,1782614505.083907604
scene_0,1782614505.586092710,cam0,1782614505.586092710.png,1,轻度,inherited,1782614505.334587097
scene_0,1782614505.586092710,cam1,1782614505.586092710.png,1,轻度,inherited,1782614505.334587097
scene_0,1782614505.586092710,cam3,1782614505.586092710.png,1,轻度,inherited,1782614505.334587097
scene_0,1782614505.839293718,cam0,1782614505.839293718.png,1,轻度,inherited,1782614505.586092710
scene_0,1782614505.839293718,cam1,1782614505.839293718.png,1,轻度,inherited,1782614505.586092710
scene_0,1782614505.839293718,cam3,1782614505.839293718.png,1,轻度,inherited,1782614505.586092710
scene_0,1782614506.096194506,cam0,1782614506.096194506.png,1,轻度,inherited,1782614505.839293718
scene_0,1782614506.096194506,cam1,1782614506.096194506.png,1,轻度,inherited,1782614505.839293718
scene_0,1782614506.096194506,cam3,1782614506.096194506.png,1,轻度,inherited,1782614505.839293718
scene_0,1782614506.350346327,cam0,1782614506.350346327.png,1,轻度,inherited,1782614506.096194506
scene_0,1782614506.350346327,cam1,1782614506.350346327.png,1,轻度,inherited,1782614506.096194506
scene_0,1782614506.350346327,cam3,1782614506.350346327.png,1,轻度,inherited,1782614506.096194506
scene_0,1782614506.612857103,cam0,1782614506.612857103.png,1,轻度,inherited,1782614506.350346327
scene_0,1782614506.612857103,cam1,1782614506.612857103.png,1,轻度,inherited,1782614506.350346327
scene_0,1782614506.612857103,cam3,1782614506.612857103.png,1,轻度,inherited,1782614506.350346327
scene_0,1782614506.867105007,cam0,1782614506.867105007.png,1,轻度,inherited,1782614506.612857103
scene_0,1782614506.867105007,cam1,1782614506.867105007.png,1,轻度,inherited,1782614506.612857103
scene_0,1782614506.867105007,cam3,1782614506.867105007.png,1,轻度,inherited,1782614506.612857103
scene_0,1782614507.119095802,cam0,1782614507.119095802.png,1,轻度,inherited,1782614506.867105007
scene_0,1782614507.119095802,cam1,1782614507.119095802.png,1,轻度,inherited,1782614506.867105007
scene_0,1782614507.119095802,cam3,1782614507.119095802.png,1,轻度,inherited,1782614506.867105007
scene_0,1782614507.373281956,cam0,1782614507.373281956.png,1,轻度,inherited,1782614507.119095802
scene_0,1782614507.373281956,cam1,1782614507.373281956.png,1,轻度,inherited,1782614507.119095802
scene_0,1782614507.373281956,cam3,1782614507.373281956.png,1,轻度,inherited,1782614507.119095802
scene_0,1782614507.626091242,cam0,1782614507.626091242.png,1,轻度,inherited,1782614507.373281956
scene_0,1782614507.626091242,cam1,1782614507.626091242.png,1,轻度,inherited,1782614507.373281956
scene_0,1782614507.626091242,cam3,1782614507.626091242.png,1,轻度,inherited,1782614507.373281956
scene_0,1782614507.878813028,cam0,1782614507.878813028.png,1,轻度,inherited,1782614507.626091242
scene_0,1782614507.878813028,cam1,1782614507.878813028.png,1,轻度,inherited,1782614507.626091242
scene_0,1782614507.878813028,cam3,1782614507.878813028.png,1,轻度,inherited,1782614507.626091242
scene_0,1782614508.139222145,cam0,1782614508.139222145.png,1,轻度,inherited,1782614507.878813028
scene_0,1782614508.139222145,cam1,1782614508.139222145.png,1,轻度,inherited,1782614507.878813028
scene_0,1782614508.139222145,cam3,1782614508.139222145.png,1,轻度,inherited,1782614507.878813028
scene_0,1782614508.401807547,cam0,1782614508.401807547.png,1,轻度,inherited,1782614508.139222145
scene_0,1782614508.401807547,cam1,1782614508.401807547.png,1,轻度,inherited,1782614508.139222145
scene_0,1782614508.401807547,cam3,1782614508.401807547.png,1,轻度,inherited,1782614508.139222145
scene_0,1782614508.664677858,cam0,1782614508.664677858.png,1,轻度,inherited,1782614508.401807547
scene_0,1782614508.664677858,cam1,1782614508.664677858.png,1,轻度,inherited,1782614508.401807547
scene_0,1782614508.664677858,cam3,1782614508.664677858.png,1,轻度,inherited,1782614508.401807547
scene_0,1782614508.923732042,cam0,1782614508.923732042.png,1,轻度,inherited,1782614508.664677858
scene_0,1782614508.923732042,cam1,1782614508.923732042.png,1,轻度,inherited,1782614508.664677858
scene_0,1782614508.923732042,cam3,1782614508.923732042.png,1,轻度,inherited,1782614508.664677858
scene_0,1782614509.183746099,cam0,1782614509.183746099.png,1,轻度,inherited,1782614508.923732042
scene_0,1782614509.183746099,cam1,1782614509.183746099.png,1,轻度,inherited,1782614508.923732042
scene_0,1782614509.183746099,cam3,1782614509.183746099.png,1,轻度,inherited,1782614508.923732042
scene_0,1782614509.448533535,cam0,1782614509.448533535.png,1,轻度,inherited,1782614509.183746099
scene_0,1782614509.448533535,cam1,1782614509.448533535.png,1,轻度,inherited,1782614509.183746099
scene_0,1782614509.448533535,cam3,1782614509.448533535.png,1,轻度,inherited,1782614509.183746099
scene_0,1782614509.713613987,cam0,1782614509.713613987.png,1,轻度,inherited,1782614509.448533535
scene_0,1782614509.713613987,cam3,1782614509.713613987.png,1,轻度,inherited,1782614509.448533535
scene_0,1782614509.975275517,cam0,1782614509.975275517.png,1,轻度,inherited,1782614509.713613987
scene_0,1782614509.975275517,cam3,1782614509.975275517.png,1,轻度,inherited,1782614509.713613987
scene_0,1782614510.233104944,cam0,1782614510.233104944.png,1,轻度,inherited,1782614509.975275517
scene_0,1782614510.233104944,cam3,1782614510.233104944.png,1,轻度,inherited,1782614509.975275517
scene_0,1782614510.496330976,cam0,1782614510.496330976.png,1,轻度,inherited,1782614510.233104944
scene_0,1782614510.496330976,cam3,1782614510.496330976.png,1,轻度,inherited,1782614510.233104944
scene_0,1782614510.762157440,cam0,1782614510.762157440.png,1,轻度,inherited,1782614510.496330976
scene_0,1782614510.762157440,cam3,1782614510.762157440.png,1,轻度,inherited,1782614510.496330976
scene_0,1782614511.027991533,cam0,1782614511.027991533.png,1,轻度,inherited,1782614510.762157440
scene_0,1782614511.027991533,cam3,1782614511.027991533.png,1,轻度,inherited,1782614510.762157440
scene_0,1782614511.298074722,cam0,1782614511.298074722.png,1,轻度,inherited,1782614511.027991533
scene_0,1782614511.298074722,cam3,1782614511.298074722.png,1,轻度,inherited,1782614511.027991533
scene_0,1782614511.549366713,cam0,1782614511.549366713.png,1,轻度,inherited,1782614511.298074722
scene_0,1782614511.549366713,cam3,1782614511.549366713.png,1,轻度,inherited,1782614511.298074722
scene_0,1782614511.807739019,cam0,1782614511.807739019.png,1,轻度,inherited,1782614511.549366713
scene_0,1782614511.807739019,cam3,1782614511.807739019.png,1,轻度,inherited,1782614511.549366713
scene_0,1782614512.063569307,cam0,1782614512.063569307.png,1,轻度,inherited,1782614511.807739019
scene_0,1782614512.063569307,cam3,1782614512.063569307.png,1,轻度,inherited,1782614511.807739019
scene_0,1782614512.316794872,cam0,1782614512.316794872.png,1,轻度,inherited,1782614512.063569307
scene_0,1782614512.569715261,cam0,1782614512.569715261.png,1,轻度,inherited,1782614512.316794872
scene_0,1782614512.822974920,cam0,1782614512.822974920.png,1,轻度,inherited,1782614512.569715261
scene_0,1782614513.076582432,cam0,1782614513.076582432.png,1,轻度,inherited,1782614512.822974920
scene_0,1782614513.332659721,cam0,1782614513.332659721.png,1,轻度,inherited,1782614513.076582432
scene_0,1782614513.587162733,cam0,1782614513.587162733.png,1,轻度,inherited,1782614513.332659721
scene_0,1782614513.840883255,cam0,1782614513.840883255.png,1,轻度,inherited,1782614513.587162733
scene_0,1782614514.101385355,cam0,1782614514.101385355.png,1,轻度,inherited,1782614513.840883255
scene_0,1782614514.356697321,cam0,1782614514.356697321.png,1,轻度,inherited,1782614514.101385355
scene_0,1782614514.614853621,cam0,1782614514.614853621.png,1,轻度,inherited,1782614514.356697321
scene_0,1782614514.868097067,cam0,1782614514.868097067.png,1,轻度,inherited,1782614514.614853621
scene_0,1782614515.116984129,cam0,1782614515.116984129.png,1,轻度,inherited,1782614514.868097067
scene_0,1782614515.368214846,cam0,1782614515.368214846.png,1,轻度,inherited,1782614515.116984129
scene_0,1782614515.620686769,cam0,1782614515.620686769.png,1,轻度,inherited,1782614515.368214846
scene_0,1782614515.875953674,cam0,1782614515.875953674.png,1,轻度,inherited,1782614515.620686769
scene_0,1782614516.131435871,cam0,1782614516.131435871.png,1,轻度,inherited,1782614515.875953674
scene_0,1782614516.385719299,cam0,1782614516.385719299.png,1,轻度,inherited,1782614516.131435871
scene_0,1782614516.639070988,cam0,1782614516.639070988.png,1,轻度,inherited,1782614516.385719299
scene_0,1782614516.900941849,cam0,1782614516.900941849.png,1,轻度,inherited,1782614516.639070988
scene_0,1782614517.161835670,cam0,1782614517.161835670.png,1,轻度,inherited,1782614516.900941849
scene_0,1782614517.416930199,cam0,1782614517.416930199.png,1,轻度,inherited,1782614517.161835670
scene_0,1782614517.671263456,cam0,1782614517.671263456.png,1,轻度,inherited,1782614517.416930199
scene_0,1782614517.927289486,cam0,1782614517.927289486.png,1,轻度,inherited,1782614517.671263456
scene_0,1782614518.177673101,cam0,1782614518.177673101.png,1,轻度,inherited,1782614517.927289486
scene_0,1782614518.431309700,cam0,1782614518.431309700.png,1,轻度,inherited,1782614518.177673101
scene_0,1782614518.687042475,cam0,1782614518.687042475.png,1,轻度,inherited,1782614518.431309700
scene_0,1782614518.938024521,cam0,1782614518.938024521.png,1,轻度,inherited,1782614518.687042475
scene_0,1782614519.195751667,cam0,1782614519.195751667.png,1,轻度,inherited,1782614518.938024521
scene_0,1782614519.195751667,cam5,1782614519.195751667.png,1,轻度,manual,
scene_0,1782614519.458133698,cam0,1782614519.458133698.png,1,轻度,inherited,1782614519.195751667
scene_0,1782614519.458133698,cam5,1782614519.458133698.png,1,轻度,manual,
scene_0,1782614519.723827124,cam0,1782614519.723827124.png,1,轻度,inherited,1782614519.458133698
scene_0,1782614519.723827124,cam5,1782614519.723827124.png,1,轻度,manual,
scene_0,1782614519.987082243,cam0,1782614519.987082243.png,1,轻度,inherited,1782614519.723827124
scene_0,1782614519.987082243,cam5,1782614519.987082243.png,1,轻度,manual,
scene_0,1782614520.249866962,cam0,1782614520.249866962.png,1,轻度,inherited,1782614519.987082243
scene_0,1782614520.249866962,cam5,1782614520.249866962.png,1,轻度,manual,
scene_0,1782614520.513623476,cam0,1782614520.513623476.png,1,轻度,inherited,1782614520.249866962
scene_0,1782614520.513623476,cam5,1782614520.513623476.png,1,轻度,manual,
scene_0,1782614520.772830248,cam0,1782614520.772830248.png,1,轻度,inherited,1782614520.513623476
scene_0,1782614520.772830248,cam5,1782614520.772830248.png,1,轻度,manual,
scene_0,1782614521.033561945,cam0,1782614521.033561945.png,1,轻度,inherited,1782614520.772830248
scene_0,1782614521.033561945,cam5,1782614521.033561945.png,1,轻度,manual,
scene_0,1782614521.295414209,cam0,1782614521.295414209.png,1,轻度,inherited,1782614521.033561945
scene_0,1782614521.295414209,cam5,1782614521.295414209.png,1,轻度,manual,
scene_0,1782614521.551613569,cam0,1782614521.551613569.png,1,轻度,inherited,1782614521.295414209
scene_0,1782614521.551613569,cam5,1782614521.551613569.png,1,轻度,manual,
scene_0,1782614521.811393023,cam0,1782614521.811393023.png,1,轻度,inherited,1782614521.551613569
scene_0,1782614521.811393023,cam4,1782614521.811393023.png,1,轻度,manual,
scene_0,1782614521.811393023,cam5,1782614521.811393023.png,1,轻度,manual,
scene_0,1782614522.070128679,cam0,1782614522.070128679.png,1,轻度,inherited,1782614521.811393023
scene_0,1782614522.070128679,cam4,1782614522.070128679.png,1,轻度,manual,
scene_0,1782614522.070128679,cam5,1782614522.070128679.png,1,轻度,manual,
scene_0,1782614522.328174829,cam0,1782614522.328174829.png,1,轻度,inherited,1782614522.070128679
scene_0,1782614522.328174829,cam4,1782614522.328174829.png,1,轻度,inherited,1782614522.070128679
scene_0,1782614522.328174829,cam5,1782614522.328174829.png,1,轻度,inherited,1782614522.070128679
scene_0,1782614522.598930359,cam0,1782614522.598930359.png,1,轻度,inherited,1782614522.328174829
scene_0,1782614522.598930359,cam4,1782614522.598930359.png,1,轻度,inherited,1782614522.328174829
scene_0,1782614522.598930359,cam5,1782614522.598930359.png,1,轻度,inherited,1782614522.328174829
scene_0,1782614522.866456985,cam0,1782614522.866456985.png,1,轻度,inherited,1782614522.598930359
scene_0,1782614522.866456985,cam4,1782614522.866456985.png,1,轻度,inherited,1782614522.598930359
scene_0,1782614522.866456985,cam5,1782614522.866456985.png,1,轻度,inherited,1782614522.598930359
scene_0,1782614523.121154070,cam0,1782614523.121154070.png,1,轻度,inherited,1782614522.866456985
scene_0,1782614523.121154070,cam4,1782614523.121154070.png,1,轻度,inherited,1782614522.866456985
scene_0,1782614523.121154070,cam5,1782614523.121154070.png,1,轻度,inherited,1782614522.866456985
scene_0,1782614523.375384569,cam0,1782614523.375384569.png,1,轻度,inherited,1782614523.121154070
scene_0,1782614523.375384569,cam4,1782614523.375384569.png,1,轻度,inherited,1782614523.121154070
scene_0,1782614523.375384569,cam5,1782614523.375384569.png,1,轻度,inherited,1782614523.121154070
scene_0,1782614523.629450560,cam0,1782614523.629450560.png,1,轻度,inherited,1782614523.375384569
scene_0,1782614523.629450560,cam4,1782614523.629450560.png,1,轻度,inherited,1782614523.375384569
scene_0,1782614523.629450560,cam5,1782614523.629450560.png,1,轻度,inherited,1782614523.375384569
scene_0,1782614523.878998995,cam0,1782614523.878998995.png,1,轻度,inherited,1782614523.629450560
scene_0,1782614523.878998995,cam4,1782614523.878998995.png,1,轻度,inherited,1782614523.629450560
scene_0,1782614523.878998995,cam5,1782614523.878998995.png,1,轻度,inherited,1782614523.629450560
scene_0,1782614524.126818180,cam0,1782614524.126818180.png,1,轻度,inherited,1782614523.878998995
scene_0,1782614524.126818180,cam3,1782614524.126818180.png,1,轻度,manual,
scene_0,1782614524.126818180,cam4,1782614524.126818180.png,1,轻度,inherited,1782614523.878998995
scene_0,1782614524.126818180,cam5,1782614524.126818180.png,1,轻度,inherited,1782614523.878998995
scene_0,1782614524.380823851,cam0,1782614524.380823851.png,1,轻度,inherited,1782614524.126818180
scene_0,1782614524.380823851,cam3,1782614524.380823851.png,1,轻度,inherited,1782614524.126818180
scene_0,1782614524.380823851,cam4,1782614524.380823851.png,1,轻度,inherited,1782614524.126818180
scene_0,1782614524.380823851,cam5,1782614524.380823851.png,1,轻度,inherited,1782614524.126818180
scene_0,1782614524.633648396,cam0,1782614524.633648396.png,1,轻度,inherited,1782614524.380823851
scene_0,1782614524.633648396,cam3,1782614524.633648396.png,1,轻度,inherited,1782614524.380823851
scene_0,1782614524.633648396,cam4,1782614524.633648396.png,1,轻度,inherited,1782614524.380823851
scene_0,1782614524.633648396,cam5,1782614524.633648396.png,1,轻度,inherited,1782614524.380823851
scene_0,1782614524.887096643,cam0,1782614524.887096643.png,1,轻度,inherited,1782614524.633648396
scene_0,1782614524.887096643,cam3,1782614524.887096643.png,1,轻度,inherited,1782614524.633648396
scene_0,1782614524.887096643,cam4,1782614524.887096643.png,1,轻度,inherited,1782614524.633648396
scene_0,1782614524.887096643,cam5,1782614524.887096643.png,1,轻度,inherited,1782614524.633648396
scene_0,1782614525.135905266,cam0,1782614525.135905266.png,1,轻度,inherited,1782614524.887096643
scene_0,1782614525.135905266,cam3,1782614525.135905266.png,1,轻度,inherited,1782614524.887096643
scene_0,1782614525.135905266,cam4,1782614525.135905266.png,1,轻度,inherited,1782614524.887096643
scene_0,1782614525.135905266,cam5,1782614525.135905266.png,1,轻度,inherited,1782614524.887096643
scene_0,1782614525.391422272,cam0,1782614525.391422272.png,1,轻度,inherited,1782614525.135905266
scene_0,1782614525.391422272,cam3,1782614525.391422272.png,1,轻度,inherited,1782614525.135905266
scene_0,1782614525.391422272,cam4,1782614525.391422272.png,1,轻度,inherited,1782614525.135905266
scene_0,1782614525.391422272,cam5,1782614525.391422272.png,1,轻度,inherited,1782614525.135905266
scene_0,1782614525.647856236,cam0,1782614525.647856236.png,1,轻度,inherited,1782614525.391422272
scene_0,1782614525.647856236,cam3,1782614525.647856236.png,1,轻度,inherited,1782614525.391422272
scene_0,1782614525.647856236,cam4,1782614525.647856236.png,1,轻度,inherited,1782614525.391422272
scene_0,1782614525.647856236,cam5,1782614525.647856236.png,1,轻度,inherited,1782614525.391422272
scene_0,1782614525.915158749,cam0,1782614525.915158749.png,1,轻度,inherited,1782614525.647856236
scene_0,1782614525.915158749,cam3,1782614525.915158749.png,1,轻度,inherited,1782614525.647856236
scene_0,1782614525.915158749,cam4,1782614525.915158749.png,1,轻度,inherited,1782614525.647856236
scene_0,1782614525.915158749,cam5,1782614525.915158749.png,1,轻度,inherited,1782614525.647856236
scene_0,1782614526.168815613,cam0,1782614526.168815613.png,1,轻度,inherited,1782614525.915158749
scene_0,1782614526.168815613,cam3,1782614526.168815613.png,1,轻度,inherited,1782614525.915158749
scene_0,1782614526.168815613,cam4,1782614526.168815613.png,1,轻度,inherited,1782614525.915158749
scene_0,1782614526.168815613,cam5,1782614526.168815613.png,1,轻度,inherited,1782614525.915158749
scene_0,1782614526.420623302,cam0,1782614526.420623302.png,1,轻度,inherited,1782614526.168815613
scene_0,1782614526.420623302,cam3,1782614526.420623302.png,1,轻度,inherited,1782614526.168815613
scene_0,1782614526.420623302,cam4,1782614526.420623302.png,1,轻度,inherited,1782614526.168815613
scene_0,1782614526.420623302,cam5,1782614526.420623302.png,1,轻度,inherited,1782614526.168815613
scene_0,1782614526.672969818,cam0,1782614526.672969818.png,1,轻度,inherited,1782614526.420623302
scene_0,1782614526.672969818,cam3,1782614526.672969818.png,1,轻度,inherited,1782614526.420623302
scene_0,1782614526.672969818,cam4,1782614526.672969818.png,1,轻度,inherited,1782614526.420623302
scene_0,1782614526.672969818,cam5,1782614526.672969818.png,1,轻度,inherited,1782614526.420623302
scene_0,1782614526.921618223,cam0,1782614526.921618223.png,1,轻度,inherited,1782614526.672969818
scene_0,1782614526.921618223,cam3,1782614526.921618223.png,1,轻度,inherited,1782614526.672969818
scene_0,1782614526.921618223,cam4,1782614526.921618223.png,1,轻度,inherited,1782614526.672969818
scene_0,1782614526.921618223,cam5,1782614526.921618223.png,1,轻度,inherited,1782614526.672969818
scene_0,1782614527.169772863,cam0,1782614527.169772863.png,1,轻度,inherited,1782614526.921618223
scene_0,1782614527.169772863,cam3,1782614527.169772863.png,1,轻度,inherited,1782614526.921618223
scene_0,1782614527.169772863,cam4,1782614527.169772863.png,1,轻度,inherited,1782614526.921618223
scene_0,1782614527.169772863,cam5,1782614527.169772863.png,1,轻度,inherited,1782614526.921618223
scene_0,1782614527.421036959,cam0,1782614527.421036959.png,1,轻度,inherited,1782614527.169772863
scene_0,1782614527.421036959,cam3,1782614527.421036959.png,1,轻度,inherited,1782614527.169772863
scene_0,1782614527.421036959,cam4,1782614527.421036959.png,1,轻度,inherited,1782614527.169772863
scene_0,1782614527.421036959,cam5,1782614527.421036959.png,1,轻度,inherited,1782614527.169772863
scene_0,1782614527.674957037,cam0,1782614527.674957037.png,1,轻度,inherited,1782614527.421036959
scene_0,1782614527.674957037,cam3,1782614527.674957037.png,1,轻度,inherited,1782614527.421036959
scene_0,1782614527.674957037,cam4,1782614527.674957037.png,1,轻度,inherited,1782614527.421036959
scene_0,1782614527.674957037,cam5,1782614527.674957037.png,1,轻度,inherited,1782614527.421036959
scene_0,1782614527.929385900,cam0,1782614527.929385900.png,1,轻度,inherited,1782614527.674957037
scene_0,1782614527.929385900,cam3,1782614527.929385900.png,1,轻度,inherited,1782614527.674957037
scene_0,1782614527.929385900,cam4,1782614527.929385900.png,1,轻度,inherited,1782614527.674957037
scene_0,1782614527.929385900,cam5,1782614527.929385900.png,1,轻度,inherited,1782614527.674957037
scene_0,1782614528.183959007,cam0,1782614528.183959007.png,1,轻度,inherited,1782614527.929385900
scene_0,1782614528.183959007,cam3,1782614528.183959007.png,1,轻度,inherited,1782614527.929385900
scene_0,1782614528.183959007,cam4,1782614528.183959007.png,1,轻度,inherited,1782614527.929385900
scene_0,1782614528.183959007,cam5,1782614528.183959007.png,1,轻度,inherited,1782614527.929385900
scene_0,1782614528.437706947,cam0,1782614528.437706947.png,1,轻度,inherited,1782614528.183959007
scene_0,1782614528.437706947,cam3,1782614528.437706947.png,1,轻度,inherited,1782614528.183959007
scene_0,1782614528.437706947,cam4,1782614528.437706947.png,1,轻度,inherited,1782614528.183959007
scene_0,1782614528.437706947,cam5,1782614528.437706947.png,1,轻度,inherited,1782614528.183959007
scene_0,1782614528.697768450,cam0,1782614528.697768450.png,1,轻度,inherited,1782614528.437706947
scene_0,1782614528.697768450,cam3,1782614528.697768450.png,1,轻度,inherited,1782614528.437706947
scene_0,1782614528.697768450,cam4,1782614528.697768450.png,1,轻度,inherited,1782614528.437706947
scene_0,1782614528.697768450,cam5,1782614528.697768450.png,1,轻度,inherited,1782614528.437706947
scene_0,1782614528.949770689,cam0,1782614528.949770689.png,1,轻度,inherited,1782614528.697768450
scene_0,1782614528.949770689,cam3,1782614528.949770689.png,1,轻度,inherited,1782614528.697768450
scene_0,1782614528.949770689,cam4,1782614528.949770689.png,1,轻度,inherited,1782614528.697768450
scene_0,1782614528.949770689,cam5,1782614528.949770689.png,1,轻度,inherited,1782614528.697768450
scene_0,1782614529.206705332,cam0,1782614529.206705332.png,1,轻度,inherited,1782614528.949770689
scene_0,1782614529.206705332,cam3,1782614529.206705332.png,1,轻度,inherited,1782614528.949770689
scene_0,1782614529.206705332,cam4,1782614529.206705332.png,1,轻度,inherited,1782614528.949770689
scene_0,1782614529.206705332,cam5,1782614529.206705332.png,1,轻度,inherited,1782614528.949770689
scene_0,1782614529.464717865,cam0,1782614529.464717865.png,1,轻度,inherited,1782614529.206705332
scene_0,1782614529.464717865,cam3,1782614529.464717865.png,1,轻度,inherited,1782614529.206705332
scene_0,1782614529.464717865,cam4,1782614529.464717865.png,1,轻度,inherited,1782614529.206705332
scene_0,1782614529.464717865,cam5,1782614529.464717865.png,1,轻度,inherited,1782614529.206705332
scene_0,1782614529.717934608,cam0,1782614529.717934608.png,1,轻度,inherited,1782614529.464717865
scene_0,1782614529.717934608,cam3,1782614529.717934608.png,1,轻度,inherited,1782614529.464717865
scene_0,1782614529.717934608,cam4,1782614529.717934608.png,1,轻度,inherited,1782614529.464717865
scene_0,1782614529.717934608,cam5,1782614529.717934608.png,1,轻度,inherited,1782614529.464717865
scene_0,1782614529.980911970,cam0,1782614529.980911970.png,1,轻度,inherited,1782614529.717934608
scene_0,1782614529.980911970,cam3,1782614529.980911970.png,1,轻度,inherited,1782614529.717934608
scene_0,1782614529.980911970,cam4,1782614529.980911970.png,1,轻度,inherited,1782614529.717934608
scene_0,1782614529.980911970,cam5,1782614529.980911970.png,1,轻度,inherited,1782614529.717934608
scene_0,1782614530.243511438,cam0,1782614530.243511438.png,1,轻度,inherited,1782614529.980911970
scene_0,1782614530.243511438,cam3,1782614530.243511438.png,1,轻度,inherited,1782614529.980911970
scene_0,1782614530.243511438,cam4,1782614530.243511438.png,1,轻度,inherited,1782614529.980911970
scene_0,1782614530.243511438,cam5,1782614530.243511438.png,1,轻度,inherited,1782614529.980911970
scene_0,1782614530.502761126,cam0,1782614530.502761126.png,1,轻度,inherited,1782614530.243511438
scene_0,1782614530.502761126,cam3,1782614530.502761126.png,1,轻度,inherited,1782614530.243511438
scene_0,1782614530.502761126,cam4,1782614530.502761126.png,1,轻度,inherited,1782614530.243511438
scene_0,1782614530.502761126,cam5,1782614530.502761126.png,1,轻度,inherited,1782614530.243511438
scene_0,1782614530.751306772,cam0,1782614530.751306772.png,1,轻度,inherited,1782614530.502761126
scene_0,1782614530.751306772,cam3,1782614530.751306772.png,1,轻度,inherited,1782614530.502761126
scene_0,1782614530.751306772,cam4,1782614530.751306772.png,1,轻度,inherited,1782614530.502761126
scene_0,1782614530.751306772,cam5,1782614530.751306772.png,1,轻度,inherited,1782614530.502761126
scene_0,1782614531.022498369,cam0,1782614531.022498369.png,1,轻度,inherited,1782614530.751306772
scene_0,1782614531.022498369,cam3,1782614531.022498369.png,1,轻度,inherited,1782614530.751306772
scene_0,1782614531.022498369,cam4,1782614531.022498369.png,1,轻度,inherited,1782614530.751306772
scene_0,1782614531.283752441,cam0,1782614531.283752441.png,1,轻度,inherited,1782614531.022498369
scene_0,1782614531.283752441,cam3,1782614531.283752441.png,1,轻度,inherited,1782614531.022498369
scene_0,1782614531.283752441,cam4,1782614531.283752441.png,1,轻度,inherited,1782614531.022498369
scene_0,1782614531.544658661,cam0,1782614531.544658661.png,1,轻度,inherited,1782614531.283752441
scene_0,1782614531.544658661,cam3,1782614531.544658661.png,1,轻度,inherited,1782614531.283752441
scene_0,1782614531.544658661,cam4,1782614531.544658661.png,1,轻度,inherited,1782614531.283752441
scene_0,1782614531.812043667,cam0,1782614531.812043667.png,1,轻度,inherited,1782614531.544658661
scene_0,1782614531.812043667,cam3,1782614531.812043667.png,1,轻度,inherited,1782614531.544658661
scene_0,1782614531.812043667,cam4,1782614531.812043667.png,1,轻度,inherited,1782614531.544658661
scene_0,1782614532.072352648,cam0,1782614532.072352648.png,1,轻度,inherited,1782614531.812043667
scene_0,1782614532.072352648,cam3,1782614532.072352648.png,1,轻度,inherited,1782614531.812043667
scene_0,1782614532.072352648,cam4,1782614532.072352648.png,1,轻度,inherited,1782614531.812043667
scene_0,1782614532.329171658,cam0,1782614532.329171658.png,1,轻度,inherited,1782614532.072352648
scene_0,1782614532.329171658,cam3,1782614532.329171658.png,1,轻度,inherited,1782614532.072352648
scene_0,1782614532.329171658,cam4,1782614532.329171658.png,1,轻度,inherited,1782614532.072352648
scene_0,1782614532.586921453,cam0,1782614532.586921453.png,1,轻度,inherited,1782614532.329171658
scene_0,1782614532.586921453,cam3,1782614532.586921453.png,1,轻度,inherited,1782614532.329171658
scene_0,1782614532.586921453,cam4,1782614532.586921453.png,1,轻度,inherited,1782614532.329171658
scene_0,1782614532.847044230,cam0,1782614532.847044230.png,1,轻度,inherited,1782614532.586921453
scene_0,1782614532.847044230,cam3,1782614532.847044230.png,1,轻度,inherited,1782614532.586921453
scene_0,1782614532.847044230,cam4,1782614532.847044230.png,1,轻度,inherited,1782614532.586921453
scene_0,1782614533.109669447,cam0,1782614533.109669447.png,1,轻度,inherited,1782614532.847044230
scene_0,1782614533.109669447,cam3,1782614533.109669447.png,1,轻度,inherited,1782614532.847044230
scene_0,1782614533.109669447,cam4,1782614533.109669447.png,1,轻度,inherited,1782614532.847044230
scene_0,1782614533.366776228,cam0,1782614533.366776228.png,1,轻度,inherited,1782614533.109669447
scene_0,1782614533.366776228,cam3,1782614533.366776228.png,1,轻度,inherited,1782614533.109669447
scene_0,1782614533.366776228,cam4,1782614533.366776228.png,1,轻度,inherited,1782614533.109669447
scene_0,1782614533.633294582,cam0,1782614533.633294582.png,1,轻度,inherited,1782614533.366776228
scene_0,1782614533.633294582,cam3,1782614533.633294582.png,1,轻度,inherited,1782614533.366776228
scene_0,1782614533.633294582,cam4,1782614533.633294582.png,1,轻度,inherited,1782614533.366776228
scene_0,1782614533.899072886,cam0,1782614533.899072886.png,1,轻度,inherited,1782614533.633294582
scene_0,1782614533.899072886,cam3,1782614533.899072886.png,1,轻度,inherited,1782614533.633294582
scene_0,1782614533.899072886,cam4,1782614533.899072886.png,1,轻度,inherited,1782614533.633294582
scene_0,1782614534.155367136,cam0,1782614534.155367136.png,1,轻度,inherited,1782614533.899072886
scene_0,1782614534.155367136,cam3,1782614534.155367136.png,1,轻度,inherited,1782614533.899072886
scene_0,1782614534.155367136,cam4,1782614534.155367136.png,1,轻度,inherited,1782614533.899072886
scene_0,1782614534.418775797,cam0,1782614534.418775797.png,1,轻度,inherited,1782614534.155367136
scene_0,1782614534.418775797,cam3,1782614534.418775797.png,1,轻度,inherited,1782614534.155367136
scene_0,1782614534.418775797,cam4,1782614534.418775797.png,1,轻度,inherited,1782614534.155367136
scene_0,1782614534.672756433,cam0,1782614534.672756433.png,1,轻度,inherited,1782614534.418775797
scene_0,1782614534.672756433,cam3,1782614534.672756433.png,1,轻度,inherited,1782614534.418775797
scene_0,1782614534.672756433,cam4,1782614534.672756433.png,1,轻度,inherited,1782614534.418775797
scene_0,1782614534.924437523,cam0,1782614534.924437523.png,1,轻度,inherited,1782614534.672756433
scene_0,1782614534.924437523,cam3,1782614534.924437523.png,1,轻度,inherited,1782614534.672756433
scene_0,1782614535.178035259,cam0,1782614535.178035259.png,1,轻度,inherited,1782614534.924437523
scene_0,1782614535.178035259,cam3,1782614535.178035259.png,1,轻度,inherited,1782614534.924437523
scene_0,1782614535.436024427,cam0,1782614535.436024427.png,1,轻度,inherited,1782614535.178035259
scene_0,1782614535.436024427,cam3,1782614535.436024427.png,1,轻度,inherited,1782614535.178035259
scene_0,1782614535.698531151,cam0,1782614535.698531151.png,1,轻度,inherited,1782614535.436024427
scene_0,1782614535.698531151,cam3,1782614535.698531151.png,1,轻度,inherited,1782614535.436024427
scene_0,1782614535.960546255,cam0,1782614535.960546255.png,1,轻度,inherited,1782614535.698531151
scene_0,1782614535.960546255,cam3,1782614535.960546255.png,1,轻度,inherited,1782614535.698531151
scene_0,1782614536.212110519,cam0,1782614536.212110519.png,1,轻度,inherited,1782614535.960546255
scene_0,1782614536.212110519,cam3,1782614536.212110519.png,1,轻度,inherited,1782614535.960546255
scene_0,1782614536.467463970,cam0,1782614536.467463970.png,1,轻度,inherited,1782614536.212110519
scene_0,1782614536.467463970,cam3,1782614536.467463970.png,1,轻度,inherited,1782614536.212110519
scene_0,1782614536.719703436,cam0,1782614536.719703436.png,1,轻度,inherited,1782614536.467463970
scene_0,1782614536.719703436,cam3,1782614536.719703436.png,1,轻度,inherited,1782614536.467463970
scene_0,1782614536.971364021,cam0,1782614536.971364021.png,1,轻度,inherited,1782614536.719703436
scene_0,1782614536.971364021,cam3,1782614536.971364021.png,1,轻度,inherited,1782614536.719703436
scene_0,1782614537.230330467,cam0,1782614537.230330467.png,1,轻度,inherited,1782614536.971364021
scene_0,1782614537.230330467,cam3,1782614537.230330467.png,1,轻度,inherited,1782614536.971364021
scene_0,1782614537.487377644,cam0,1782614537.487377644.png,1,轻度,inherited,1782614537.230330467
scene_0,1782614537.487377644,cam3,1782614537.487377644.png,1,轻度,inherited,1782614537.230330467
scene_0,1782614537.741937876,cam0,1782614537.741937876.png,1,轻度,inherited,1782614537.487377644
scene_0,1782614537.741937876,cam3,1782614537.741937876.png,1,轻度,inherited,1782614537.487377644
scene_0,1782614537.998561621,cam0,1782614537.998561621.png,1,轻度,inherited,1782614537.741937876
scene_0,1782614537.998561621,cam3,1782614537.998561621.png,1,轻度,inherited,1782614537.741937876
scene_0,1782614538.252204895,cam0,1782614538.252204895.png,1,轻度,inherited,1782614537.998561621
scene_0,1782614538.252204895,cam3,1782614538.252204895.png,1,轻度,inherited,1782614537.998561621
scene_0,1782614538.507066011,cam0,1782614538.507066011.png,1,轻度,inherited,1782614538.252204895
scene_0,1782614538.507066011,cam3,1782614538.507066011.png,1,轻度,inherited,1782614538.252204895
scene_0,1782614538.772542477,cam0,1782614538.772542477.png,1,轻度,inherited,1782614538.507066011
scene_0,1782614538.772542477,cam3,1782614538.772542477.png,1,轻度,inherited,1782614538.507066011
scene_0,1782614539.028087616,cam0,1782614539.028087616.png,1,轻度,inherited,1782614538.772542477
scene_0,1782614539.028087616,cam3,1782614539.028087616.png,1,轻度,inherited,1782614538.772542477
scene_0,1782614539.280231953,cam0,1782614539.280231953.png,1,轻度,inherited,1782614539.028087616
scene_0,1782614539.280231953,cam3,1782614539.280231953.png,1,轻度,inherited,1782614539.028087616
scene_0,1782614539.533922911,cam0,1782614539.533922911.png,1,轻度,inherited,1782614539.280231953
scene_0,1782614539.533922911,cam3,1782614539.533922911.png,1,轻度,inherited,1782614539.280231953
scene_0,1782614539.789346457,cam0,1782614539.789346457.png,1,轻度,inherited,1782614539.533922911
scene_0,1782614539.789346457,cam3,1782614539.789346457.png,1,轻度,inherited,1782614539.533922911
scene_0,1782614540.043011427,cam0,1782614540.043011427.png,1,轻度,inherited,1782614539.789346457
scene_0,1782614540.043011427,cam3,1782614540.043011427.png,1,轻度,inherited,1782614539.789346457
scene_0,1782614540.298295259,cam0,1782614540.298295259.png,1,轻度,inherited,1782614540.043011427
scene_0,1782614540.298295259,cam3,1782614540.298295259.png,1,轻度,inherited,1782614540.043011427
scene_0,1782614540.548924446,cam0,1782614540.548924446.png,1,轻度,inherited,1782614540.298295259
scene_0,1782614540.548924446,cam3,1782614540.548924446.png,1,轻度,inherited,1782614540.298295259
scene_0,1782614540.802613258,cam0,1782614540.802613258.png,1,轻度,inherited,1782614540.548924446
scene_0,1782614540.802613258,cam3,1782614540.802613258.png,1,轻度,inherited,1782614540.548924446
scene_0,1782614541.053023815,cam0,1782614541.053023815.png,1,轻度,inherited,1782614540.802613258
scene_0,1782614541.053023815,cam3,1782614541.053023815.png,1,轻度,inherited,1782614540.802613258
scene_0,1782614541.307555676,cam0,1782614541.307555676.png,1,轻度,inherited,1782614541.053023815
scene_0,1782614541.307555676,cam3,1782614541.307555676.png,1,轻度,inherited,1782614541.053023815
scene_0,1782614541.563521385,cam0,1782614541.563521385.png,1,轻度,inherited,1782614541.307555676
scene_0,1782614541.563521385,cam3,1782614541.563521385.png,1,轻度,inherited,1782614541.307555676
scene_0,1782614541.817782164,cam0,1782614541.817782164.png,1,轻度,inherited,1782614541.563521385
scene_0,1782614541.817782164,cam3,1782614541.817782164.png,1,轻度,inherited,1782614541.563521385
scene_0,1782614542.071141243,cam0,1782614542.071141243.png,1,轻度,inherited,1782614541.817782164
scene_0,1782614542.071141243,cam3,1782614542.071141243.png,1,轻度,inherited,1782614541.817782164
scene_0,1782614542.332337141,cam0,1782614542.332337141.png,1,轻度,inherited,1782614542.071141243
scene_0,1782614542.332337141,cam3,1782614542.332337141.png,1,轻度,inherited,1782614542.071141243
scene_0,1782614542.595578909,cam0,1782614542.595578909.png,1,轻度,inherited,1782614542.332337141
scene_0,1782614542.595578909,cam3,1782614542.595578909.png,1,轻度,inherited,1782614542.332337141
scene_0,1782614542.851938009,cam0,1782614542.851938009.png,1,轻度,inherited,1782614542.595578909
scene_0,1782614542.851938009,cam3,1782614542.851938009.png,1,轻度,inherited,1782614542.595578909
scene_0,1782614543.116724014,cam0,1782614543.116724014.png,1,轻度,inherited,1782614542.851938009
scene_0,1782614543.116724014,cam3,1782614543.116724014.png,1,轻度,inherited,1782614542.851938009
scene_0,1782614543.376734734,cam0,1782614543.376734734.png,1,轻度,inherited,1782614543.116724014
scene_0,1782614543.376734734,cam3,1782614543.376734734.png,1,轻度,inherited,1782614543.116724014
scene_0,1782614543.634949923,cam0,1782614543.634949923.png,1,轻度,inherited,1782614543.376734734
scene_0,1782614543.634949923,cam3,1782614543.634949923.png,1,轻度,inherited,1782614543.376734734
scene_0,1782614543.893044472,cam0,1782614543.893044472.png,1,轻度,inherited,1782614543.634949923
scene_0,1782614543.893044472,cam3,1782614543.893044472.png,1,轻度,inherited,1782614543.634949923
scene_0,1782614544.149628639,cam0,1782614544.149628639.png,1,轻度,inherited,1782614543.893044472
scene_0,1782614544.149628639,cam3,1782614544.149628639.png,1,轻度,inherited,1782614543.893044472
scene_0,1782614544.422496557,cam0,1782614544.422496557.png,1,轻度,inherited,1782614544.149628639
scene_0,1782614544.422496557,cam3,1782614544.422496557.png,1,轻度,inherited,1782614544.149628639
scene_0,1782614544.684983253,cam0,1782614544.684983253.png,1,轻度,inherited,1782614544.422496557
scene_0,1782614544.684983253,cam3,1782614544.684983253.png,1,轻度,inherited,1782614544.422496557
scene_0,1782614544.944149494,cam0,1782614544.944149494.png,1,轻度,inherited,1782614544.684983253
scene_0,1782614544.944149494,cam3,1782614544.944149494.png,1,轻度,inherited,1782614544.684983253
scene_0,1782614545.205815315,cam0,1782614545.205815315.png,1,轻度,inherited,1782614544.944149494
scene_0,1782614545.205815315,cam3,1782614545.205815315.png,1,轻度,inherited,1782614544.944149494
scene_0,1782614545.466701746,cam0,1782614545.466701746.png,1,轻度,inherited,1782614545.205815315
scene_0,1782614545.466701746,cam3,1782614545.466701746.png,1,轻度,inherited,1782614545.205815315
scene_0,1782614545.725954771,cam0,1782614545.725954771.png,1,轻度,inherited,1782614545.466701746
scene_0,1782614545.725954771,cam3,1782614545.725954771.png,1,轻度,inherited,1782614545.466701746
scene_0,1782614545.981812239,cam0,1782614545.981812239.png,1,轻度,inherited,1782614545.725954771
scene_0,1782614545.981812239,cam3,1782614545.981812239.png,1,轻度,inherited,1782614545.725954771
scene_0,1782614546.231775761,cam0,1782614546.231775761.png,1,轻度,inherited,1782614545.981812239
scene_0,1782614546.231775761,cam3,1782614546.231775761.png,1,轻度,inherited,1782614545.981812239
scene_0,1782614546.483742476,cam0,1782614546.483742476.png,1,轻度,inherited,1782614546.231775761
scene_0,1782614546.483742476,cam3,1782614546.483742476.png,1,轻度,inherited,1782614546.231775761
scene_0,1782614546.735050917,cam0,1782614546.735050917.png,1,轻度,inherited,1782614546.483742476
scene_0,1782614546.735050917,cam3,1782614546.735050917.png,1,轻度,inherited,1782614546.483742476
scene_0,1782614546.991993427,cam0,1782614546.991993427.png,1,轻度,inherited,1782614546.735050917
scene_0,1782614546.991993427,cam3,1782614546.991993427.png,1,轻度,inherited,1782614546.735050917
scene_0,1782614547.245595932,cam0,1782614547.245595932.png,1,轻度,inherited,1782614546.991993427
scene_0,1782614547.245595932,cam3,1782614547.245595932.png,1,轻度,inherited,1782614546.991993427
scene_0,1782614547.502543926,cam0,1782614547.502543926.png,1,轻度,inherited,1782614547.245595932
scene_0,1782614547.502543926,cam3,1782614547.502543926.png,1,轻度,inherited,1782614547.245595932
scene_0,1782614547.752522945,cam0,1782614547.752522945.png,1,轻度,inherited,1782614547.502543926
scene_0,1782614547.752522945,cam3,1782614547.752522945.png,1,轻度,inherited,1782614547.502543926
scene_0,1782614548.004650831,cam0,1782614548.004650831.png,1,轻度,inherited,1782614547.752522945
scene_0,1782614548.004650831,cam3,1782614548.004650831.png,1,轻度,inherited,1782614547.752522945
scene_0,1782614548.255591869,cam0,1782614548.255591869.png,1,轻度,inherited,1782614548.004650831
scene_0,1782614548.255591869,cam3,1782614548.255591869.png,1,轻度,inherited,1782614548.004650831
scene_0,1782614548.511166096,cam0,1782614548.511166096.png,1,轻度,inherited,1782614548.255591869
scene_0,1782614548.511166096,cam3,1782614548.511166096.png,1,轻度,inherited,1782614548.255591869
scene_0,1782614548.766603470,cam0,1782614548.766603470.png,1,轻度,inherited,1782614548.511166096
scene_0,1782614548.766603470,cam3,1782614548.766603470.png,1,轻度,inherited,1782614548.511166096
scene_0,1782614549.019514084,cam0,1782614549.019514084.png,1,轻度,inherited,1782614548.766603470
scene_0,1782614549.019514084,cam3,1782614549.019514084.png,1,轻度,inherited,1782614548.766603470
scene_0,1782614549.269364357,cam0,1782614549.269364357.png,1,轻度,inherited,1782614549.019514084
scene_0,1782614549.269364357,cam3,1782614549.269364357.png,1,轻度,inherited,1782614549.019514084
scene_0,1782614549.520785570,cam0,1782614549.520785570.png,1,轻度,inherited,1782614549.269364357
scene_0,1782614549.520785570,cam3,1782614549.520785570.png,1,轻度,inherited,1782614549.269364357
scene_0,1782614549.773813725,cam0,1782614549.773813725.png,1,轻度,inherited,1782614549.520785570
scene_0,1782614549.773813725,cam3,1782614549.773813725.png,1,轻度,inherited,1782614549.520785570
scene_0,1782614550.025754213,cam0,1782614550.025754213.png,1,轻度,inherited,1782614549.773813725
scene_0,1782614550.025754213,cam3,1782614550.025754213.png,1,轻度,inherited,1782614549.773813725
scene_0,1782614550.280051947,cam0,1782614550.280051947.png,1,轻度,inherited,1782614550.025754213
scene_0,1782614550.280051947,cam3,1782614550.280051947.png,1,轻度,inherited,1782614550.025754213
scene_0,1782614550.533527613,cam0,1782614550.533527613.png,1,轻度,inherited,1782614550.280051947
scene_0,1782614550.533527613,cam3,1782614550.533527613.png,1,轻度,inherited,1782614550.280051947
scene_0,1782614550.793999910,cam0,1782614550.793999910.png,1,轻度,inherited,1782614550.533527613
scene_0,1782614551.050013065,cam0,1782614551.050013065.png,1,轻度,inherited,1782614550.793999910
scene_0,1782614551.308612347,cam0,1782614551.308612347.png,1,轻度,inherited,1782614551.050013065
scene_0,1782614551.567804098,cam0,1782614551.567804098.png,1,轻度,inherited,1782614551.308612347
scene_0,1782614551.820334673,cam0,1782614551.820334673.png,1,轻度,inherited,1782614551.567804098
scene_0,1782614552.072864294,cam0,1782614552.072864294.png,1,轻度,inherited,1782614551.820334673
scene_0,1782614552.327907324,cam0,1782614552.327907324.png,1,轻度,inherited,1782614552.072864294
scene_0,1782614552.578756571,cam0,1782614552.578756571.png,1,轻度,inherited,1782614552.327907324
scene_0,1782614552.829167128,cam0,1782614552.829167128.png,1,轻度,inherited,1782614552.578756571
scene_0,1782614553.081233263,cam0,1782614553.081233263.png,1,轻度,inherited,1782614552.829167128
scene_0,1782614553.333263159,cam0,1782614553.333263159.png,1,轻度,inherited,1782614553.081233263
scene_0,1782614553.588244438,cam0,1782614553.588244438.png,1,轻度,inherited,1782614553.333263159
scene_0,1782614553.843641996,cam0,1782614553.843641996.png,1,轻度,inherited,1782614553.588244438
scene_0,1782614554.109234333,cam0,1782614554.109234333.png,1,轻度,inherited,1782614553.843641996
scene_0,1782614554.373589993,cam0,1782614554.373589993.png,1,轻度,inherited,1782614554.109234333
scene_0,1782614554.630142927,cam0,1782614554.630142927.png,1,轻度,inherited,1782614554.373589993
scene_0,1782614554.887683392,cam0,1782614554.887683392.png,1,轻度,inherited,1782614554.630142927
scene_0,1782614555.148979425,cam0,1782614555.148979425.png,1,轻度,inherited,1782614554.887683392
scene_0,1782614555.412122488,cam0,1782614555.412122488.png,1,轻度,inherited,1782614555.148979425
scene_0,1782614555.412122488,cam1,1782614555.412122488.png,1,轻度,manual,
scene_0,1782614555.670591831,cam0,1782614555.670591831.png,1,轻度,inherited,1782614555.412122488
scene_0,1782614555.670591831,cam1,1782614555.670591831.png,1,轻度,inherited,1782614555.412122488
scene_0,1782614555.928064108,cam0,1782614555.928064108.png,1,轻度,inherited,1782614555.670591831
scene_0,1782614555.928064108,cam1,1782614555.928064108.png,1,轻度,inherited,1782614555.670591831
scene_0,1782614556.185006857,cam0,1782614556.185006857.png,1,轻度,inherited,1782614555.928064108
scene_0,1782614556.185006857,cam1,1782614556.185006857.png,1,轻度,inherited,1782614555.928064108
scene_0,1782614556.444541454,cam0,1782614556.444541454.png,1,轻度,inherited,1782614556.185006857
scene_0,1782614556.444541454,cam1,1782614556.444541454.png,1,轻度,inherited,1782614556.185006857
scene_0,1782614556.710920572,cam0,1782614556.710920572.png,1,轻度,inherited,1782614556.444541454
scene_0,1782614556.710920572,cam1,1782614556.710920572.png,1,轻度,inherited,1782614556.444541454
scene_0,1782614556.973691702,cam0,1782614556.973691702.png,1,轻度,inherited,1782614556.710920572
scene_0,1782614556.973691702,cam1,1782614556.973691702.png,1,轻度,inherited,1782614556.710920572
scene_0,1782614557.235840321,cam0,1782614557.235840321.png,1,轻度,inherited,1782614556.973691702
scene_0,1782614557.235840321,cam1,1782614557.235840321.png,1,轻度,inherited,1782614556.973691702
scene_0,1782614557.500584126,cam0,1782614557.500584126.png,1,轻度,inherited,1782614557.235840321
scene_0,1782614557.500584126,cam1,1782614557.500584126.png,1,轻度,inherited,1782614557.235840321
scene_0,1782614557.752737522,cam0,1782614557.752737522.png,1,轻度,inherited,1782614557.500584126
scene_0,1782614557.752737522,cam1,1782614557.752737522.png,1,轻度,inherited,1782614557.500584126
scene_0,1782614558.005982161,cam0,1782614558.005982161.png,1,轻度,inherited,1782614557.752737522
scene_0,1782614558.005982161,cam1,1782614558.005982161.png,1,轻度,inherited,1782614557.752737522
scene_0,1782614558.255927324,cam0,1782614558.255927324.png,1,轻度,inherited,1782614558.005982161
scene_0,1782614558.255927324,cam1,1782614558.255927324.png,1,轻度,inherited,1782614558.005982161
scene_0,1782614558.514151096,cam0,1782614558.514151096.png,1,轻度,inherited,1782614558.255927324
scene_0,1782614558.514151096,cam1,1782614558.514151096.png,1,轻度,inherited,1782614558.255927324
scene_0,1782614558.768810272,cam0,1782614558.768810272.png,1,轻度,inherited,1782614558.514151096
scene_0,1782614558.768810272,cam1,1782614558.768810272.png,1,轻度,inherited,1782614558.514151096
scene_0,1782614559.020966291,cam0,1782614559.020966291.png,1,轻度,inherited,1782614558.768810272
scene_0,1782614559.020966291,cam1,1782614559.020966291.png,1,轻度,inherited,1782614558.768810272
scene_0,1782614559.273247957,cam0,1782614559.273247957.png,1,轻度,inherited,1782614559.020966291
scene_0,1782614559.273247957,cam1,1782614559.273247957.png,1,轻度,inherited,1782614559.020966291
scene_0,1782614559.530908823,cam0,1782614559.530908823.png,1,轻度,inherited,1782614559.273247957
scene_0,1782614559.530908823,cam1,1782614559.530908823.png,1,轻度,inherited,1782614559.273247957
scene_0,1782614559.788969040,cam0,1782614559.788969040.png,1,轻度,inherited,1782614559.530908823
scene_0,1782614559.788969040,cam1,1782614559.788969040.png,1,轻度,inherited,1782614559.530908823
scene_0,1782614560.040787697,cam0,1782614560.040787697.png,1,轻度,inherited,1782614559.788969040
scene_0,1782614560.040787697,cam1,1782614560.040787697.png,1,轻度,inherited,1782614559.788969040
scene_0,1782614560.296924591,cam0,1782614560.296924591.png,1,轻度,inherited,1782614560.040787697
scene_0,1782614560.296924591,cam1,1782614560.296924591.png,1,轻度,inherited,1782614560.040787697
scene_0,1782614560.545495987,cam0,1782614560.545495987.png,1,轻度,inherited,1782614560.296924591
scene_0,1782614560.545495987,cam1,1782614560.545495987.png,1,轻度,inherited,1782614560.296924591
scene_0,1782614560.805259705,cam0,1782614560.805259705.png,1,轻度,inherited,1782614560.545495987
scene_0,1782614560.805259705,cam1,1782614560.805259705.png,1,轻度,inherited,1782614560.545495987
scene_0,1782614561.068292379,cam0,1782614561.068292379.png,1,轻度,inherited,1782614560.805259705
scene_0,1782614561.068292379,cam1,1782614561.068292379.png,1,轻度,inherited,1782614560.805259705
scene_0,1782614561.068292379,cam2,1782614561.068292379.png,1,轻度,manual,
scene_0,1782614561.317973137,cam0,1782614561.317973137.png,1,轻度,inherited,1782614561.068292379
scene_0,1782614561.317973137,cam1,1782614561.317973137.png,1,轻度,inherited,1782614561.068292379
scene_0,1782614561.317973137,cam2,1782614561.317973137.png,1,轻度,inherited,1782614561.068292379
scene_0,1782614561.568699360,cam0,1782614561.568699360.png,1,轻度,inherited,1782614561.317973137
scene_0,1782614561.568699360,cam1,1782614561.568699360.png,1,轻度,inherited,1782614561.317973137
scene_0,1782614561.568699360,cam2,1782614561.568699360.png,1,轻度,inherited,1782614561.317973137
scene_0,1782614561.828274727,cam0,1782614561.828274727.png,1,轻度,inherited,1782614561.568699360
scene_0,1782614561.828274727,cam1,1782614561.828274727.png,1,轻度,inherited,1782614561.568699360
scene_0,1782614561.828274727,cam2,1782614561.828274727.png,1,轻度,inherited,1782614561.568699360
scene_0,1782614562.083291054,cam0,1782614562.083291054.png,1,轻度,inherited,1782614561.828274727
scene_0,1782614562.083291054,cam1,1782614562.083291054.png,1,轻度,inherited,1782614561.828274727
scene_0,1782614562.083291054,cam2,1782614562.083291054.png,1,轻度,inherited,1782614561.828274727
scene_0,1782614562.335649967,cam0,1782614562.335649967.png,1,轻度,inherited,1782614562.083291054
scene_0,1782614562.335649967,cam1,1782614562.335649967.png,1,轻度,inherited,1782614562.083291054
scene_0,1782614562.335649967,cam2,1782614562.335649967.png,1,轻度,inherited,1782614562.083291054
scene_0,1782614562.590866566,cam0,1782614562.590866566.png,1,轻度,inherited,1782614562.335649967
scene_0,1782614562.590866566,cam1,1782614562.590866566.png,1,轻度,inherited,1782614562.335649967
scene_0,1782614562.590866566,cam2,1782614562.590866566.png,1,轻度,inherited,1782614562.335649967
scene_0,1782614562.839063883,cam0,1782614562.839063883.png,1,轻度,inherited,1782614562.590866566
scene_0,1782614562.839063883,cam1,1782614562.839063883.png,1,轻度,inherited,1782614562.590866566
scene_0,1782614562.839063883,cam2,1782614562.839063883.png,1,轻度,inherited,1782614562.590866566
scene_0,1782614563.092762470,cam0,1782614563.092762470.png,1,轻度,inherited,1782614562.839063883
scene_0,1782614563.092762470,cam1,1782614563.092762470.png,1,轻度,inherited,1782614562.839063883
scene_0,1782614563.092762470,cam2,1782614563.092762470.png,1,轻度,inherited,1782614562.839063883
scene_0,1782614563.346067190,cam0,1782614563.346067190.png,1,轻度,inherited,1782614563.092762470
scene_0,1782614563.346067190,cam1,1782614563.346067190.png,1,轻度,inherited,1782614563.092762470
scene_0,1782614563.346067190,cam2,1782614563.346067190.png,1,轻度,inherited,1782614563.092762470
scene_0,1782614563.604733706,cam0,1782614563.604733706.png,1,轻度,inherited,1782614563.346067190
scene_0,1782614563.604733706,cam1,1782614563.604733706.png,1,轻度,inherited,1782614563.346067190
scene_0,1782614563.604733706,cam2,1782614563.604733706.png,1,轻度,inherited,1782614563.346067190
scene_0,1782614563.858456612,cam0,1782614563.858456612.png,1,轻度,inherited,1782614563.604733706
scene_0,1782614563.858456612,cam1,1782614563.858456612.png,1,轻度,inherited,1782614563.604733706
scene_0,1782614563.858456612,cam2,1782614563.858456612.png,1,轻度,inherited,1782614563.604733706
scene_0,1782614564.113271713,cam0,1782614564.113271713.png,1,轻度,inherited,1782614563.858456612
scene_0,1782614564.113271713,cam1,1782614564.113271713.png,1,轻度,inherited,1782614563.858456612
scene_0,1782614564.113271713,cam2,1782614564.113271713.png,1,轻度,inherited,1782614563.858456612
scene_0,1782614564.368076086,cam0,1782614564.368076086.png,1,轻度,inherited,1782614564.113271713
scene_0,1782614564.368076086,cam1,1782614564.368076086.png,1,轻度,inherited,1782614564.113271713
scene_0,1782614564.368076086,cam2,1782614564.368076086.png,1,轻度,inherited,1782614564.113271713
scene_0,1782614564.620821953,cam1,1782614564.620821953.png,1,轻度,inherited,1782614564.368076086
scene_0,1782614564.620821953,cam2,1782614564.620821953.png,1,轻度,inherited,1782614564.368076086
scene_0,1782614564.874271870,cam1,1782614564.874271870.png,1,轻度,inherited,1782614564.620821953
scene_0,1782614564.874271870,cam2,1782614564.874271870.png,1,轻度,inherited,1782614564.620821953
scene_0,1782614565.122006655,cam1,1782614565.122006655.png,1,轻度,inherited,1782614564.874271870
scene_0,1782614565.122006655,cam2,1782614565.122006655.png,1,轻度,inherited,1782614564.874271870
scene_0,1782614565.373324394,cam1,1782614565.373324394.png,1,轻度,inherited,1782614565.122006655
scene_0,1782614565.373324394,cam2,1782614565.373324394.png,1,轻度,inherited,1782614565.122006655
scene_0,1782614565.632759571,cam1,1782614565.632759571.png,1,轻度,inherited,1782614565.373324394
scene_0,1782614565.632759571,cam2,1782614565.632759571.png,1,轻度,inherited,1782614565.373324394
scene_0,1782614565.897833109,cam1,1782614565.897833109.png,1,轻度,inherited,1782614565.632759571
scene_0,1782614565.897833109,cam2,1782614565.897833109.png,1,轻度,inherited,1782614565.632759571
scene_0,1782614566.162675142,cam1,1782614566.162675142.png,1,轻度,inherited,1782614565.897833109
scene_0,1782614566.162675142,cam2,1782614566.162675142.png,1,轻度,inherited,1782614565.897833109
scene_0,1782614566.425160408,cam1,1782614566.425160408.png,1,轻度,inherited,1782614566.162675142
scene_0,1782614566.425160408,cam2,1782614566.425160408.png,1,轻度,inherited,1782614566.162675142
scene_0,1782614566.684618711,cam1,1782614566.684618711.png,1,轻度,inherited,1782614566.425160408
scene_0,1782614566.684618711,cam2,1782614566.684618711.png,1,轻度,inherited,1782614566.425160408
scene_0,1782614566.943058968,cam2,1782614566.943058968.png,1,轻度,inherited,1782614566.684618711
scene_0,1782614567.207522869,cam2,1782614567.207522869.png,1,轻度,inherited,1782614566.943058968
scene_0,1782614567.469233513,cam2,1782614567.469233513.png,1,轻度,inherited,1782614567.207522869
scene_0,1782614567.729938984,cam2,1782614567.729938984.png,1,轻度,inherited,1782614567.469233513
scene_0,1782614567.987004995,cam2,1782614567.987004995.png,1,轻度,inherited,1782614567.729938984
scene_0,1782614568.248159885,cam2,1782614568.248159885.png,1,轻度,inherited,1782614567.987004995
scene_0,1782614568.248159885,cam3,1782614568.248159885.png,1,轻度,manual,
scene_0,1782614568.509635448,cam2,1782614568.509635448.png,1,轻度,inherited,1782614568.248159885
scene_0,1782614568.509635448,cam3,1782614568.509635448.png,1,轻度,inherited,1782614568.248159885
scene_0,1782614568.767478943,cam2,1782614568.767478943.png,1,轻度,inherited,1782614568.509635448
scene_0,1782614568.767478943,cam3,1782614568.767478943.png,1,轻度,inherited,1782614568.509635448
scene_0,1782614569.018712282,cam2,1782614569.018712282.png,1,轻度,inherited,1782614568.767478943
scene_0,1782614569.018712282,cam3,1782614569.018712282.png,1,轻度,inherited,1782614568.767478943
scene_0,1782614569.270976305,cam2,1782614569.270976305.png,1,轻度,inherited,1782614569.018712282
scene_0,1782614569.270976305,cam3,1782614569.270976305.png,1,轻度,inherited,1782614569.018712282
scene_0,1782614569.523120165,cam2,1782614569.523120165.png,1,轻度,inherited,1782614569.270976305
scene_0,1782614569.523120165,cam3,1782614569.523120165.png,1,轻度,inherited,1782614569.270976305
scene_0,1782614569.780416250,cam2,1782614569.780416250.png,1,轻度,inherited,1782614569.523120165
scene_0,1782614569.780416250,cam3,1782614569.780416250.png,1,轻度,inherited,1782614569.523120165
scene_0,1782614570.038255453,cam2,1782614570.038255453.png,1,轻度,inherited,1782614569.780416250
scene_0,1782614570.038255453,cam3,1782614570.038255453.png,1,轻度,inherited,1782614569.780416250
scene_0,1782614570.291165113,cam2,1782614570.291165113.png,1,轻度,inherited,1782614570.038255453
scene_0,1782614570.291165113,cam3,1782614570.291165113.png,1,轻度,inherited,1782614570.038255453
scene_0,1782614570.538947821,cam2,1782614570.538947821.png,1,轻度,inherited,1782614570.291165113
scene_0,1782614570.538947821,cam3,1782614570.538947821.png,1,轻度,inherited,1782614570.291165113
scene_0,1782614570.790797472,cam2,1782614570.790797472.png,1,轻度,inherited,1782614570.538947821
scene_0,1782614570.790797472,cam3,1782614570.790797472.png,1,轻度,inherited,1782614570.538947821
scene_0,1782614571.040444136,cam3,1782614571.040444136.png,1,轻度,inherited,1782614570.790797472
scene_0,1782614571.294340849,cam3,1782614571.294340849.png,1,轻度,inherited,1782614571.040444136
scene_0,1782614571.544791460,cam3,1782614571.544791460.png,1,轻度,inherited,1782614571.294340849
scene_0,1782614571.798814774,cam3,1782614571.798814774.png,1,轻度,inherited,1782614571.544791460
scene_0,1782614572.047799587,cam3,1782614572.047799587.png,1,轻度,inherited,1782614571.798814774
scene_0,1782614572.303627491,cam3,1782614572.303627491.png,1,轻度,inherited,1782614572.047799587
scene_0,1782614572.557523966,cam3,1782614572.557523966.png,1,轻度,inherited,1782614572.303627491
scene_0,1782614572.813986778,cam3,1782614572.813986778.png,1,轻度,inherited,1782614572.557523966
scene_0,1782614573.067209244,cam3,1782614573.067209244.png,1,轻度,inherited,1782614572.813986778
scene_0,1782614573.320189238,cam3,1782614573.320189238.png,1,轻度,inherited,1782614573.067209244
scene_0,1782614573.570876598,cam3,1782614573.570876598.png,1,轻度,inherited,1782614573.320189238
scene_0,1782614573.822288036,cam3,1782614573.822288036.png,1,轻度,inherited,1782614573.570876598
scene_0,1782614574.073037624,cam3,1782614574.073037624.png,1,轻度,inherited,1782614573.822288036
scene_0,1782614574.325801134,cam3,1782614574.325801134.png,1,轻度,inherited,1782614574.073037624
scene_0,1782614574.577898979,cam3,1782614574.577898979.png,1,轻度,inherited,1782614574.325801134
scene_0,1782614574.830738306,cam3,1782614574.830738306.png,1,轻度,inherited,1782614574.577898979
scene_0,1782614575.084959507,cam3,1782614575.084959507.png,1,轻度,inherited,1782614574.830738306
scene_0,1782614575.335550547,cam3,1782614575.335550547.png,1,轻度,inherited,1782614575.084959507
scene_0,1782614575.585370541,cam3,1782614575.585370541.png,1,轻度,inherited,1782614575.335550547
scene_0,1782614575.838044405,cam3,1782614575.838044405.png,1,轻度,inherited,1782614575.585370541
scene_0,1782614576.088766575,cam3,1782614576.088766575.png,1,轻度,inherited,1782614575.838044405
scene_0,1782614589.717268467,cam3,1782614589.717268467.png,1,轻度,manual,
scene_0,1782614589.982033014,cam3,1782614589.982033014.png,1,轻度,inherited,1782614589.717268467
scene_0,1782614590.242101908,cam3,1782614590.242101908.png,1,轻度,inherited,1782614589.982033014
scene_0,1782614590.505259991,cam3,1782614590.505259991.png,1,轻度,inherited,1782614590.242101908
scene_0,1782614590.768210173,cam3,1782614590.768210173.png,1,轻度,inherited,1782614590.505259991
scene_0,1782614591.029376507,cam3,1782614591.029376507.png,1,轻度,inherited,1782614590.768210173
scene_0,1782614591.291760921,cam3,1782614591.291760921.png,1,轻度,inherited,1782614591.029376507
scene_0,1782614591.550830126,cam3,1782614591.550830126.png,1,轻度,inherited,1782614591.291760921
scene_0,1782614591.814078569,cam3,1782614591.814078569.png,1,轻度,inherited,1782614591.550830126
scene_0,1782614592.066928625,cam3,1782614592.066928625.png,1,轻度,inherited,1782614591.814078569
scene_0,1782614592.318333387,cam3,1782614592.318333387.png,1,轻度,inherited,1782614592.066928625
scene_0,1782614592.571450472,cam3,1782614592.571450472.png,1,轻度,inherited,1782614592.318333387
scene_0,1782614592.827039242,cam3,1782614592.827039242.png,1,轻度,inherited,1782614592.571450472
scene_0,1782614593.079508305,cam3,1782614593.079508305.png,1,轻度,inherited,1782614592.827039242
scene_0,1782614593.332614899,cam3,1782614593.332614899.png,1,轻度,inherited,1782614593.079508305
scene_0,1782614593.583135366,cam0,1782614593.583135366.png,1,轻度,manual,
scene_0,1782614593.583135366,cam3,1782614593.583135366.png,1,轻度,inherited,1782614593.332614899
scene_0,1782614593.837208509,cam0,1782614593.837208509.png,1,轻度,inherited,1782614593.583135366
scene_0,1782614593.837208509,cam3,1782614593.837208509.png,1,轻度,inherited,1782614593.583135366
scene_0,1782614593.837208509,cam5,1782614593.837208509.png,1,轻度,manual,
scene_0,1782614594.088870764,cam0,1782614594.088870764.png,1,轻度,inherited,1782614593.837208509
scene_0,1782614594.088870764,cam3,1782614594.088870764.png,1,轻度,inherited,1782614593.837208509
scene_0,1782614594.088870764,cam5,1782614594.088870764.png,1,轻度,manual,
scene_0,1782614594.338955402,cam0,1782614594.338955402.png,1,轻度,inherited,1782614594.088870764
scene_0,1782614594.338955402,cam3,1782614594.338955402.png,1,轻度,inherited,1782614594.088870764
scene_0,1782614594.338955402,cam5,1782614594.338955402.png,1,轻度,manual,
scene_0,1782614594.592842579,cam0,1782614594.592842579.png,1,轻度,inherited,1782614594.338955402
scene_0,1782614594.592842579,cam3,1782614594.592842579.png,1,轻度,inherited,1782614594.338955402
scene_0,1782614594.592842579,cam5,1782614594.592842579.png,1,轻度,manual,
scene_0,1782614594.842918873,cam0,1782614594.842918873.png,1,轻度,inherited,1782614594.592842579
scene_0,1782614594.842918873,cam3,1782614594.842918873.png,1,轻度,inherited,1782614594.592842579
scene_0,1782614594.842918873,cam5,1782614594.842918873.png,1,轻度,manual,
scene_0,1782614595.100153923,cam0,1782614595.100153923.png,1,轻度,inherited,1782614594.842918873
scene_0,1782614595.100153923,cam3,1782614595.100153923.png,1,轻度,inherited,1782614594.842918873
scene_0,1782614595.100153923,cam5,1782614595.100153923.png,1,轻度,inherited,1782614594.842918873
scene_0,1782614595.351119041,cam0,1782614595.351119041.png,1,轻度,inherited,1782614595.100153923
scene_0,1782614595.351119041,cam3,1782614595.351119041.png,1,轻度,inherited,1782614595.100153923
scene_0,1782614595.351119041,cam5,1782614595.351119041.png,1,轻度,inherited,1782614595.100153923
scene_0,1782614595.608408689,cam0,1782614595.608408689.png,1,轻度,inherited,1782614595.351119041
scene_0,1782614595.608408689,cam3,1782614595.608408689.png,1,轻度,inherited,1782614595.351119041
scene_0,1782614595.608408689,cam5,1782614595.608408689.png,1,轻度,inherited,1782614595.351119041
scene_0,1782614595.866088390,cam0,1782614595.866088390.png,1,轻度,inherited,1782614595.608408689
scene_0,1782614595.866088390,cam3,1782614595.866088390.png,1,轻度,inherited,1782614595.608408689
scene_0,1782614595.866088390,cam5,1782614595.866088390.png,1,轻度,inherited,1782614595.608408689
scene_0,1782614596.120332003,cam0,1782614596.120332003.png,1,轻度,inherited,1782614595.866088390
scene_0,1782614596.120332003,cam3,1782614596.120332003.png,1,轻度,inherited,1782614595.866088390
scene_0,1782614596.120332003,cam5,1782614596.120332003.png,1,轻度,inherited,1782614595.866088390
scene_0,1782614596.373857260,cam0,1782614596.373857260.png,1,轻度,inherited,1782614596.120332003
scene_0,1782614596.373857260,cam3,1782614596.373857260.png,1,轻度,inherited,1782614596.120332003
scene_0,1782614596.373857260,cam5,1782614596.373857260.png,1,轻度,inherited,1782614596.120332003
scene_0,1782614596.627752304,cam0,1782614596.627752304.png,1,轻度,inherited,1782614596.373857260
scene_0,1782614596.627752304,cam3,1782614596.627752304.png,1,轻度,inherited,1782614596.373857260
scene_0,1782614596.627752304,cam5,1782614596.627752304.png,1,轻度,inherited,1782614596.373857260
scene_0,1782614596.880779505,cam0,1782614596.880779505.png,1,轻度,inherited,1782614596.627752304
scene_0,1782614596.880779505,cam3,1782614596.880779505.png,1,轻度,inherited,1782614596.627752304
scene_0,1782614596.880779505,cam5,1782614596.880779505.png,1,轻度,inherited,1782614596.627752304
scene_0,1782614597.135072947,cam0,1782614597.135072947.png,1,轻度,inherited,1782614596.880779505
scene_0,1782614597.135072947,cam3,1782614597.135072947.png,1,轻度,inherited,1782614596.880779505
scene_0,1782614597.135072947,cam5,1782614597.135072947.png,1,轻度,inherited,1782614596.880779505
scene_0,1782614597.389284134,cam0,1782614597.389284134.png,1,轻度,inherited,1782614597.135072947
scene_0,1782614597.389284134,cam3,1782614597.389284134.png,1,轻度,inherited,1782614597.135072947
scene_0,1782614597.389284134,cam5,1782614597.389284134.png,1,轻度,inherited,1782614597.135072947
scene_0,1782614597.641440153,cam0,1782614597.641440153.png,1,轻度,inherited,1782614597.389284134
scene_0,1782614597.641440153,cam3,1782614597.641440153.png,1,轻度,inherited,1782614597.389284134
scene_0,1782614597.641440153,cam5,1782614597.641440153.png,1,轻度,inherited,1782614597.389284134
scene_0,1782614597.897510052,cam0,1782614597.897510052.png,1,轻度,inherited,1782614597.641440153
scene_0,1782614597.897510052,cam3,1782614597.897510052.png,1,轻度,inherited,1782614597.641440153
scene_0,1782614597.897510052,cam5,1782614597.897510052.png,1,轻度,inherited,1782614597.641440153
scene_0,1782614598.153147936,cam0,1782614598.153147936.png,1,轻度,inherited,1782614597.897510052
scene_0,1782614598.153147936,cam3,1782614598.153147936.png,1,轻度,inherited,1782614597.897510052
scene_0,1782614598.153147936,cam5,1782614598.153147936.png,1,轻度,inherited,1782614597.897510052
scene_0,1782614598.412321329,cam0,1782614598.412321329.png,1,轻度,inherited,1782614598.153147936
scene_0,1782614598.412321329,cam3,1782614598.412321329.png,1,轻度,inherited,1782614598.153147936
scene_0,1782614598.412321329,cam5,1782614598.412321329.png,1,轻度,inherited,1782614598.153147936
scene_0,1782614598.667566299,cam0,1782614598.667566299.png,1,轻度,inherited,1782614598.412321329
scene_0,1782614598.667566299,cam3,1782614598.667566299.png,1,轻度,inherited,1782614598.412321329
scene_0,1782614598.667566299,cam5,1782614598.667566299.png,1,轻度,inherited,1782614598.412321329
scene_0,1782614598.923100710,cam0,1782614598.923100710.png,1,轻度,inherited,1782614598.667566299
scene_0,1782614598.923100710,cam3,1782614598.923100710.png,1,轻度,inherited,1782614598.667566299
scene_0,1782614598.923100710,cam5,1782614598.923100710.png,1,轻度,inherited,1782614598.667566299
scene_0,1782614599.178429365,cam0,1782614599.178429365.png,1,轻度,inherited,1782614598.923100710
scene_0,1782614599.178429365,cam3,1782614599.178429365.png,1,轻度,inherited,1782614598.923100710
scene_0,1782614599.178429365,cam5,1782614599.178429365.png,1,轻度,inherited,1782614598.923100710
scene_0,1782614599.428428411,cam0,1782614599.428428411.png,1,轻度,inherited,1782614599.178429365
scene_0,1782614599.428428411,cam3,1782614599.428428411.png,1,轻度,inherited,1782614599.178429365
scene_0,1782614599.428428411,cam5,1782614599.428428411.png,1,轻度,inherited,1782614599.178429365
scene_0,1782614599.686502218,cam0,1782614599.686502218.png,1,轻度,inherited,1782614599.428428411
scene_0,1782614599.686502218,cam3,1782614599.686502218.png,1,轻度,inherited,1782614599.428428411
scene_0,1782614599.686502218,cam5,1782614599.686502218.png,1,轻度,inherited,1782614599.428428411
scene_0,1782614599.945580721,cam0,1782614599.945580721.png,1,轻度,inherited,1782614599.686502218
scene_0,1782614599.945580721,cam3,1782614599.945580721.png,1,轻度,inherited,1782614599.686502218
scene_0,1782614599.945580721,cam5,1782614599.945580721.png,1,轻度,inherited,1782614599.686502218
scene_0,1782614600.208601475,cam0,1782614600.208601475.png,1,轻度,inherited,1782614599.945580721
scene_0,1782614600.208601475,cam3,1782614600.208601475.png,1,轻度,inherited,1782614599.945580721
scene_0,1782614600.208601475,cam5,1782614600.208601475.png,1,轻度,inherited,1782614599.945580721
scene_0,1782614600.467956305,cam0,1782614600.467956305.png,1,轻度,inherited,1782614600.208601475
scene_0,1782614600.467956305,cam3,1782614600.467956305.png,1,轻度,inherited,1782614600.208601475
scene_0,1782614600.467956305,cam5,1782614600.467956305.png,1,轻度,inherited,1782614600.208601475
scene_0,1782614600.729705572,cam0,1782614600.729705572.png,1,轻度,inherited,1782614600.467956305
scene_0,1782614600.729705572,cam3,1782614600.729705572.png,1,轻度,inherited,1782614600.467956305
scene_0,1782614600.729705572,cam5,1782614600.729705572.png,1,轻度,inherited,1782614600.467956305
scene_0,1782614600.991784811,cam0,1782614600.991784811.png,1,轻度,inherited,1782614600.729705572
scene_0,1782614600.991784811,cam3,1782614600.991784811.png,1,轻度,inherited,1782614600.729705572
scene_0,1782614600.991784811,cam5,1782614600.991784811.png,1,轻度,inherited,1782614600.729705572
scene_0,1782614601.251027107,cam0,1782614601.251027107.png,1,轻度,inherited,1782614600.991784811
scene_0,1782614601.251027107,cam3,1782614601.251027107.png,1,轻度,inherited,1782614600.991784811
scene_0,1782614601.251027107,cam5,1782614601.251027107.png,1,轻度,inherited,1782614600.991784811
scene_0,1782614601.515882015,cam0,1782614601.515882015.png,1,轻度,inherited,1782614601.251027107
scene_0,1782614601.515882015,cam3,1782614601.515882015.png,1,轻度,inherited,1782614601.251027107
scene_0,1782614601.515882015,cam4,1782614601.515882015.png,1,轻度,manual,
scene_0,1782614601.515882015,cam5,1782614601.515882015.png,1,轻度,inherited,1782614601.251027107
scene_0,1782614601.775717974,cam0,1782614601.775717974.png,1,轻度,inherited,1782614601.515882015
scene_0,1782614601.775717974,cam3,1782614601.775717974.png,1,轻度,inherited,1782614601.515882015
scene_0,1782614601.775717974,cam4,1782614601.775717974.png,1,轻度,manual,
scene_0,1782614601.775717974,cam5,1782614601.775717974.png,1,轻度,inherited,1782614601.515882015
scene_0,1782614602.036578417,cam0,1782614602.036578417.png,1,轻度,inherited,1782614601.775717974
scene_0,1782614602.036578417,cam3,1782614602.036578417.png,1,轻度,inherited,1782614601.775717974
scene_0,1782614602.036578417,cam4,1782614602.036578417.png,1,轻度,inherited,1782614601.775717974
scene_0,1782614602.036578417,cam5,1782614602.036578417.png,1,轻度,inherited,1782614601.775717974
scene_0,1782614602.296350479,cam0,1782614602.296350479.png,1,轻度,inherited,1782614602.036578417
scene_0,1782614602.296350479,cam3,1782614602.296350479.png,1,轻度,inherited,1782614602.036578417
scene_0,1782614602.296350479,cam4,1782614602.296350479.png,1,轻度,inherited,1782614602.036578417
scene_0,1782614602.296350479,cam5,1782614602.296350479.png,1,轻度,inherited,1782614602.036578417
scene_0,1782614602.562693596,cam0,1782614602.562693596.png,1,轻度,inherited,1782614602.296350479
scene_0,1782614602.562693596,cam3,1782614602.562693596.png,1,轻度,inherited,1782614602.296350479
scene_0,1782614602.562693596,cam4,1782614602.562693596.png,1,轻度,inherited,1782614602.296350479
scene_0,1782614602.562693596,cam5,1782614602.562693596.png,1,轻度,inherited,1782614602.296350479
scene_0,1782614602.823988438,cam0,1782614602.823988438.png,1,轻度,inherited,1782614602.562693596
scene_0,1782614602.823988438,cam3,1782614602.823988438.png,1,轻度,inherited,1782614602.562693596
scene_0,1782614602.823988438,cam4,1782614602.823988438.png,1,轻度,inherited,1782614602.562693596
scene_0,1782614602.823988438,cam5,1782614602.823988438.png,1,轻度,inherited,1782614602.562693596
scene_0,1782614603.085377216,cam0,1782614603.085377216.png,1,轻度,inherited,1782614602.823988438
scene_0,1782614603.085377216,cam3,1782614603.085377216.png,1,轻度,inherited,1782614602.823988438
scene_0,1782614603.085377216,cam4,1782614603.085377216.png,1,轻度,inherited,1782614602.823988438
scene_0,1782614603.085377216,cam5,1782614603.085377216.png,1,轻度,inherited,1782614602.823988438
scene_0,1782614603.347504854,cam0,1782614603.347504854.png,1,轻度,inherited,1782614603.085377216
scene_0,1782614603.347504854,cam3,1782614603.347504854.png,1,轻度,inherited,1782614603.085377216
scene_0,1782614603.347504854,cam4,1782614603.347504854.png,1,轻度,inherited,1782614603.085377216
scene_0,1782614603.347504854,cam5,1782614603.347504854.png,1,轻度,inherited,1782614603.085377216
scene_0,1782614603.601310015,cam0,1782614603.601310015.png,1,轻度,inherited,1782614603.347504854
scene_0,1782614603.601310015,cam3,1782614603.601310015.png,1,轻度,inherited,1782614603.347504854
scene_0,1782614603.601310015,cam4,1782614603.601310015.png,1,轻度,inherited,1782614603.347504854
scene_0,1782614603.601310015,cam5,1782614603.601310015.png,1,轻度,inherited,1782614603.347504854
scene_0,1782614603.854209661,cam0,1782614603.854209661.png,1,轻度,inherited,1782614603.601310015
scene_0,1782614603.854209661,cam3,1782614603.854209661.png,1,轻度,inherited,1782614603.601310015
scene_0,1782614603.854209661,cam4,1782614603.854209661.png,1,轻度,inherited,1782614603.601310015
scene_0,1782614603.854209661,cam5,1782614603.854209661.png,1,轻度,inherited,1782614603.601310015
scene_0,1782614604.111232042,cam0,1782614604.111232042.png,1,轻度,inherited,1782614603.854209661
scene_0,1782614604.111232042,cam3,1782614604.111232042.png,1,轻度,inherited,1782614603.854209661
scene_0,1782614604.111232042,cam4,1782614604.111232042.png,1,轻度,inherited,1782614603.854209661
scene_0,1782614604.368119717,cam0,1782614604.368119717.png,1,轻度,inherited,1782614604.111232042
scene_0,1782614604.368119717,cam3,1782614604.368119717.png,1,轻度,inherited,1782614604.111232042
scene_0,1782614604.368119717,cam4,1782614604.368119717.png,1,轻度,inherited,1782614604.111232042
scene_0,1782614604.616171598,cam0,1782614604.616171598.png,1,轻度,inherited,1782614604.368119717
scene_0,1782614604.616171598,cam3,1782614604.616171598.png,1,轻度,inherited,1782614604.368119717
scene_0,1782614604.616171598,cam4,1782614604.616171598.png,1,轻度,inherited,1782614604.368119717
scene_0,1782614604.869799137,cam0,1782614604.869799137.png,1,轻度,inherited,1782614604.616171598
scene_0,1782614604.869799137,cam3,1782614604.869799137.png,1,轻度,inherited,1782614604.616171598
scene_0,1782614604.869799137,cam4,1782614604.869799137.png,1,轻度,inherited,1782614604.616171598
scene_0,1782614605.123746634,cam0,1782614605.123746634.png,1,轻度,inherited,1782614604.869799137
scene_0,1782614605.123746634,cam3,1782614605.123746634.png,1,轻度,inherited,1782614604.869799137
scene_0,1782614605.123746634,cam4,1782614605.123746634.png,1,轻度,inherited,1782614604.869799137
scene_0,1782614605.123746634,cam5,1782614605.123746634.png,1,轻度,manual,
scene_0,1782614605.375318766,cam0,1782614605.375318766.png,1,轻度,inherited,1782614605.123746634
scene_0,1782614605.375318766,cam3,1782614605.375318766.png,1,轻度,inherited,1782614605.123746634
scene_0,1782614605.375318766,cam4,1782614605.375318766.png,1,轻度,inherited,1782614605.123746634
scene_0,1782614605.375318766,cam5,1782614605.375318766.png,1,轻度,inherited,1782614605.123746634
scene_0,1782614605.629071474,cam0,1782614605.629071474.png,1,轻度,inherited,1782614605.375318766
scene_0,1782614605.629071474,cam3,1782614605.629071474.png,1,轻度,inherited,1782614605.375318766
scene_0,1782614605.629071474,cam4,1782614605.629071474.png,1,轻度,inherited,1782614605.375318766
scene_0,1782614605.629071474,cam5,1782614605.629071474.png,1,轻度,inherited,1782614605.375318766
scene_0,1782614605.886641026,cam0,1782614605.886641026.png,1,轻度,inherited,1782614605.629071474
scene_0,1782614605.886641026,cam3,1782614605.886641026.png,1,轻度,inherited,1782614605.629071474
scene_0,1782614605.886641026,cam4,1782614605.886641026.png,1,轻度,inherited,1782614605.629071474
scene_0,1782614605.886641026,cam5,1782614605.886641026.png,1,轻度,inherited,1782614605.629071474
scene_0,1782614606.139755726,cam0,1782614606.139755726.png,1,轻度,inherited,1782614605.886641026
scene_0,1782614606.139755726,cam3,1782614606.139755726.png,1,轻度,inherited,1782614605.886641026
scene_0,1782614606.139755726,cam4,1782614606.139755726.png,1,轻度,inherited,1782614605.886641026
scene_0,1782614606.139755726,cam5,1782614606.139755726.png,1,轻度,inherited,1782614605.886641026
scene_0,1782614606.394347668,cam0,1782614606.394347668.png,1,轻度,inherited,1782614606.139755726
scene_0,1782614606.394347668,cam3,1782614606.394347668.png,1,轻度,inherited,1782614606.139755726
scene_0,1782614606.394347668,cam5,1782614606.394347668.png,1,轻度,inherited,1782614606.139755726
scene_0,1782614606.648331165,cam0,1782614606.648331165.png,1,轻度,inherited,1782614606.394347668
scene_0,1782614606.648331165,cam3,1782614606.648331165.png,1,轻度,inherited,1782614606.394347668
scene_0,1782614606.648331165,cam5,1782614606.648331165.png,1,轻度,inherited,1782614606.394347668
scene_0,1782614606.905088425,cam0,1782614606.905088425.png,1,轻度,inherited,1782614606.648331165
scene_0,1782614606.905088425,cam3,1782614606.905088425.png,1,轻度,inherited,1782614606.648331165
scene_0,1782614607.159944057,cam0,1782614607.159944057.png,1,轻度,inherited,1782614606.905088425
scene_0,1782614607.159944057,cam3,1782614607.159944057.png,1,轻度,inherited,1782614606.905088425
scene_0,1782614607.415312290,cam0,1782614607.415312290.png,1,轻度,inherited,1782614607.159944057
scene_0,1782614607.415312290,cam3,1782614607.415312290.png,1,轻度,inherited,1782614607.159944057
scene_0,1782614607.668878078,cam0,1782614607.668878078.png,1,轻度,inherited,1782614607.415312290
scene_0,1782614607.668878078,cam3,1782614607.668878078.png,1,轻度,inherited,1782614607.415312290
scene_0,1782614607.923500299,cam0,1782614607.923500299.png,1,轻度,inherited,1782614607.668878078
scene_0,1782614607.923500299,cam3,1782614607.923500299.png,1,轻度,inherited,1782614607.668878078
scene_0,1782614608.177491665,cam0,1782614608.177491665.png,1,轻度,inherited,1782614607.923500299
scene_0,1782614608.177491665,cam3,1782614608.177491665.png,1,轻度,inherited,1782614607.923500299
scene_0,1782614608.430777311,cam3,1782614608.430777311.png,1,轻度,inherited,1782614608.177491665
scene_0,1782614608.685539961,cam3,1782614608.685539961.png,1,轻度,inherited,1782614608.430777311
scene_0,1782614608.938644171,cam3,1782614608.938644171.png,1,轻度,inherited,1782614608.685539961
scene_0,1782614609.196933985,cam3,1782614609.196933985.png,1,轻度,inherited,1782614608.938644171
scene_0,1782614609.452566624,cam3,1782614609.452566624.png,1,轻度,inherited,1782614609.196933985
scene_0,1782614609.709472418,cam3,1782614609.709472418.png,1,轻度,inherited,1782614609.452566624
scene_0,1782614609.966535330,cam3,1782614609.966535330.png,1,轻度,inherited,1782614609.709472418
scene_0,1782614610.217886448,cam3,1782614610.217886448.png,1,轻度,inherited,1782614609.966535330
scene_0,1782614610.475092173,cam3,1782614610.475092173.png,1,轻度,inherited,1782614610.217886448
scene_0,1782614610.726701975,cam3,1782614610.726701975.png,1,轻度,inherited,1782614610.475092173
scene_0,1782614610.978715897,cam3,1782614610.978715897.png,1,轻度,inherited,1782614610.726701975
scene_0,1782614611.231363058,cam3,1782614611.231363058.png,1,轻度,inherited,1782614610.978715897
scene_0,1782614611.487152100,cam3,1782614611.487152100.png,1,轻度,inherited,1782614611.231363058
scene_0,1782614611.747765064,cam3,1782614611.747765064.png,1,轻度,inherited,1782614611.487152100
scene_0,1782614618.207696438,cam3,1782614618.207696438.png,1,轻度,manual,
scene_0,1782614618.465935707,cam3,1782614618.465935707.png,1,轻度,inherited,1782614618.207696438
scene_0,1782614618.723934174,cam3,1782614618.723934174.png,1,轻度,inherited,1782614618.465935707
scene_0,1782614618.980857611,cam3,1782614618.980857611.png,1,轻度,inherited,1782614618.723934174
scene_0,1782614619.231167316,cam3,1782614619.231167316.png,1,轻度,inherited,1782614618.980857611
scene_0,1782614619.483473301,cam3,1782614619.483473301.png,1,轻度,inherited,1782614619.231167316
scene_0,1782614619.740413904,cam3,1782614619.740413904.png,1,轻度,inherited,1782614619.483473301
scene_0,1782614620.004782200,cam3,1782614620.004782200.png,1,轻度,inherited,1782614619.740413904
scene_0,1782614620.272506952,cam3,1782614620.272506952.png,1,轻度,inherited,1782614620.004782200
scene_0,1782614620.525303364,cam3,1782614620.525303364.png,1,轻度,inherited,1782614620.272506952
scene_0,1782614620.778636932,cam3,1782614620.778636932.png,1,轻度,inherited,1782614620.525303364
scene_0,1782614621.033327818,cam3,1782614621.033327818.png,1,轻度,inherited,1782614620.778636932
scene_0,1782614621.282139540,cam3,1782614621.282139540.png,1,轻度,inherited,1782614621.033327818
scene_0,1782614621.536618948,cam3,1782614621.536618948.png,1,轻度,inherited,1782614621.282139540
scene_0,1782614638.051751137,cam3,1782614638.051751137.png,1,轻度,manual,
scene_0,1782614638.311047316,cam3,1782614638.311047316.png,1,轻度,inherited,1782614638.051751137
scene_0,1782614638.572600842,cam3,1782614638.572600842.png,1,轻度,inherited,1782614638.311047316
scene_0,1782614638.830077410,cam3,1782614638.830077410.png,1,轻度,inherited,1782614638.572600842
scene_0,1782614639.085018396,cam3,1782614639.085018396.png,1,轻度,inherited,1782614638.830077410
scene_0,1782614639.335583448,cam3,1782614639.335583448.png,1,轻度,inherited,1782614639.085018396
scene_0,1782614639.585385084,cam3,1782614639.585385084.png,1,轻度,inherited,1782614639.335583448
scene_0,1782614639.840219021,cam3,1782614639.840219021.png,1,轻度,inherited,1782614639.585385084
scene_0,1782614640.097167253,cam3,1782614640.097167253.png,1,轻度,inherited,1782614639.840219021
scene_0,1782614640.351414204,cam3,1782614640.351414204.png,1,轻度,inherited,1782614640.097167253
scene_0,1782614640.608280897,cam3,1782614640.608280897.png,1,轻度,inherited,1782614640.351414204
scene_0,1782614640.865656376,cam3,1782614640.865656376.png,1,轻度,inherited,1782614640.608280897
scene_0,1782614641.120038509,cam3,1782614641.120038509.png,1,轻度,inherited,1782614640.865656376
scene_0,1782614641.371523380,cam3,1782614641.371523380.png,1,轻度,inherited,1782614641.120038509
scene_0,1782614641.626776218,cam3,1782614641.626776218.png,1,轻度,inherited,1782614641.371523380
scene_0,1782614641.890671492,cam3,1782614641.890671492.png,1,轻度,inherited,1782614641.626776218
scene_0,1782614642.153436899,cam3,1782614642.153436899.png,1,轻度,inherited,1782614641.890671492
scene_0,1782614642.415017605,cam3,1782614642.415017605.png,1,轻度,inherited,1782614642.153436899
scene_0,1782614642.667310953,cam3,1782614642.667310953.png,1,轻度,inherited,1782614642.415017605
scene_0,1782614642.931092262,cam3,1782614642.931092262.png,1,轻度,inherited,1782614642.667310953
scene_0,1782614643.190029860,cam3,1782614643.190029860.png,1,轻度,inherited,1782614642.931092262
scene_0,1782614643.444436550,cam3,1782614643.444436550.png,1,轻度,inherited,1782614643.190029860
scene_0,1782614643.704532146,cam3,1782614643.704532146.png,1,轻度,inherited,1782614643.444436550
scene_0,1782614643.966637135,cam3,1782614643.966637135.png,1,轻度,inherited,1782614643.704532146
scene_0,1782614644.220469236,cam3,1782614644.220469236.png,1,轻度,inherited,1782614643.966637135
scene_0,1782614644.469975710,cam3,1782614644.469975710.png,1,轻度,inherited,1782614644.220469236
scene_0,1782614644.720728159,cam3,1782614644.720728159.png,1,轻度,inherited,1782614644.469975710
scene_0,1782614644.974591494,cam3,1782614644.974591494.png,1,轻度,inherited,1782614644.720728159
scene_0,1782614645.235728264,cam3,1782614645.235728264.png,1,轻度,inherited,1782614644.974591494
scene_0,1782614645.502954245,cam3,1782614645.502954245.png,1,轻度,inherited,1782614645.235728264
scene_0,1782614645.768344402,cam3,1782614645.768344402.png,1,轻度,inherited,1782614645.502954245
scene_0,1782614646.030025482,cam3,1782614646.030025482.png,1,轻度,inherited,1782614645.768344402
scene_0,1782614646.286854029,cam3,1782614646.286854029.png,1,轻度,inherited,1782614646.030025482
scene_0,1782614646.544651031,cam3,1782614646.544651031.png,1,轻度,inherited,1782614646.286854029
scene_0,1782614646.805015564,cam3,1782614646.805015564.png,1,轻度,inherited,1782614646.544651031
scene_0,1782614647.067717075,cam3,1782614647.067717075.png,1,轻度,inherited,1782614646.805015564
scene_0,1782614647.327376366,cam3,1782614647.327376366.png,1,轻度,inherited,1782614647.067717075
scene_0,1782614647.592940331,cam3,1782614647.592940331.png,1,轻度,inherited,1782614647.327376366
scene_0,1782614647.855823278,cam3,1782614647.855823278.png,1,轻度,inherited,1782614647.592940331
scene_0,1782614648.119258165,cam3,1782614648.119258165.png,1,轻度,inherited,1782614647.855823278
scene_0,1782614648.377547741,cam3,1782614648.377547741.png,1,轻度,inherited,1782614648.119258165
scene_0,1782614648.634586096,cam3,1782614648.634586096.png,1,轻度,inherited,1782614648.377547741
scene_0,1782614648.897936344,cam3,1782614648.897936344.png,1,轻度,inherited,1782614648.634586096
scene_0,1782614667.096629858,cam3,1782614667.096629858.png,1,轻度,manual,
scene_0,1782614667.348541737,cam3,1782614667.348541737.png,1,轻度,manual,
scene_0,1782614667.609069824,cam3,1782614667.609069824.png,1,轻度,manual,
scene_0,1782614667.865811586,cam3,1782614667.865811586.png,1,轻度,manual,
scene_0,1782614668.122513056,cam3,1782614668.122513056.png,1,轻度,manual,
scene_0,1782614668.375571012,cam3,1782614668.375571012.png,1,轻度,manual,
scene_0,1782614668.629863501,cam3,1782614668.629863501.png,1,轻度,manual,
scene_0,1782614668.892544985,cam3,1782614668.892544985.png,1,轻度,manual,
scene_0,1782614669.147985458,cam0,1782614669.147985458.png,1,轻度,manual,
scene_0,1782614669.147985458,cam3,1782614669.147985458.png,1,轻度,manual,
scene_0,1782614669.409224272,cam0,1782614669.409224272.png,1,轻度,inherited,1782614669.147985458
scene_0,1782614669.409224272,cam3,1782614669.409224272.png,1,轻度,manual,
scene_0,1782614669.670608997,cam0,1782614669.670608997.png,1,轻度,inherited,1782614669.409224272
scene_0,1782614669.670608997,cam3,1782614669.670608997.png,1,轻度,manual,
scene_0,1782614669.931320667,cam0,1782614669.931320667.png,1,轻度,inherited,1782614669.670608997
scene_0,1782614669.931320667,cam3,1782614669.931320667.png,1,轻度,manual,
scene_0,1782614670.191419363,cam0,1782614670.191419363.png,1,轻度,inherited,1782614669.931320667
scene_0,1782614670.191419363,cam3,1782614670.191419363.png,1,轻度,manual,
scene_0,1782614670.451328039,cam0,1782614670.451328039.png,1,轻度,inherited,1782614670.191419363
scene_0,1782614670.451328039,cam3,1782614670.451328039.png,1,轻度,manual,
scene_0,1782614670.716265440,cam0,1782614670.716265440.png,1,轻度,inherited,1782614670.451328039
scene_0,1782614670.716265440,cam3,1782614670.716265440.png,1,轻度,manual,
scene_0,1782614670.977169752,cam0,1782614670.977169752.png,1,轻度,inherited,1782614670.716265440
scene_0,1782614670.977169752,cam3,1782614670.977169752.png,1,轻度,manual,
scene_0,1782614671.241572380,cam3,1782614671.241572380.png,1,轻度,inherited,1782614670.977169752
scene_0,1782614671.505426168,cam3,1782614671.505426168.png,1,轻度,inherited,1782614671.241572380
scene_0,1782614671.767159939,cam3,1782614671.767159939.png,1,轻度,inherited,1782614671.505426168
scene_0,1782614672.028522015,cam3,1782614672.028522015.png,1,轻度,inherited,1782614671.767159939
scene_0,1782614672.288974762,cam3,1782614672.288974762.png,1,轻度,inherited,1782614672.028522015
scene_0,1782614672.546723604,cam3,1782614672.546723604.png,1,轻度,inherited,1782614672.288974762
scene_0,1782614672.801228523,cam3,1782614672.801228523.png,1,轻度,inherited,1782614672.546723604
scene_0,1782614673.050635338,cam3,1782614673.050635338.png,1,轻度,inherited,1782614672.801228523
scene_0,1782614673.303699732,cam3,1782614673.303699732.png,1,轻度,inherited,1782614673.050635338
scene_0,1782614673.555265188,cam3,1782614673.555265188.png,1,轻度,inherited,1782614673.303699732
scene_0,1782614673.811933279,cam3,1782614673.811933279.png,1,轻度,inherited,1782614673.555265188
scene_0,1782614674.066854715,cam3,1782614674.066854715.png,1,轻度,inherited,1782614673.811933279
scene_0,1782614674.319672108,cam3,1782614674.319672108.png,1,轻度,inherited,1782614674.066854715
scene_0,1782614674.573242903,cam3,1782614674.573242903.png,1,轻度,inherited,1782614674.319672108
scene_0,1782614674.825992823,cam3,1782614674.825992823.png,1,轻度,inherited,1782614674.573242903
scene_0,1782614675.075196028,cam3,1782614675.075196028.png,1,轻度,inherited,1782614674.825992823
scene_0,1782614675.327749729,cam3,1782614675.327749729.png,1,轻度,inherited,1782614675.075196028
scene_0,1782614712.688875437,cam0,1782614712.688875437.png,1,轻度,manual,
scene_0,1782614712.688875437,cam3,1782614712.688875437.png,1,轻度,manual,
scene_0,1782614712.939307690,cam0,1782614712.939307690.png,1,轻度,inherited,1782614712.688875437
scene_0,1782614712.939307690,cam3,1782614712.939307690.png,1,轻度,inherited,1782614712.688875437
scene_0,1782614713.194264174,cam0,1782614713.194264174.png,1,轻度,inherited,1782614712.939307690
scene_0,1782614713.448930502,cam0,1782614713.448930502.png,1,轻度,inherited,1782614713.194264174
scene_0,1782614837.100854874,cam0,1782614837.100854874.png,1,轻度,manual,
scene_0,1782614837.360561371,cam0,1782614837.360561371.png,1,轻度,inherited,1782614837.100854874
scene_0,1782614837.620007753,cam0,1782614837.620007753.png,1,轻度,inherited,1782614837.360561371
scene_0,1782614837.871849775,cam0,1782614837.871849775.png,1,轻度,inherited,1782614837.620007753
scene_0,1782614838.123893738,cam0,1782614838.123893738.png,1,轻度,inherited,1782614837.871849775
scene_0,1782614838.376200676,cam0,1782614838.376200676.png,1,轻度,inherited,1782614838.123893738
scene_0,1782614839.646398783,cam0,1782614839.646398783.png,1,轻度,manual,
scene_0,1782614839.907796144,cam0,1782614839.907796144.png,1,轻度,inherited,1782614839.646398783
scene_0,1782614840.169507265,cam0,1782614840.169507265.png,1,轻度,inherited,1782614839.907796144
scene_0,1782614840.428619146,cam0,1782614840.428619146.png,1,轻度,inherited,1782614840.169507265
scene_0,1782614840.684863091,cam0,1782614840.684863091.png,1,轻度,inherited,1782614840.428619146
scene_0,1782614840.948112011,cam0,1782614840.948112011.png,1,轻度,inherited,1782614840.684863091
scene_0,1782614841.217415810,cam0,1782614841.217415810.png,1,轻度,inherited,1782614840.948112011
scene_0,1782614841.476522684,cam0,1782614841.476522684.png,1,轻度,inherited,1782614841.217415810
scene_0,1782614841.736153841,cam0,1782614841.736153841.png,1,轻度,inherited,1782614841.476522684
scene_0,1782614841.993941069,cam0,1782614841.993941069.png,1,轻度,inherited,1782614841.736153841
scene_0,1782614842.252631664,cam0,1782614842.252631664.png,1,轻度,inherited,1782614841.993941069
scene_0,1782614842.517899990,cam0,1782614842.517899990.png,1,轻度,inherited,1782614842.252631664
scene_0,1782614842.778759956,cam0,1782614842.778759956.png,1,轻度,inherited,1782614842.517899990
scene_0,1782614843.041795254,cam0,1782614843.041795254.png,1,轻度,inherited,1782614842.778759956
scene_0,1782614843.308332205,cam0,1782614843.308332205.png,1,轻度,inherited,1782614843.041795254
scene_0,1782614843.569234610,cam0,1782614843.569234610.png,1,轻度,inherited,1782614843.308332205
scene_0,1782614843.827938080,cam0,1782614843.827938080.png,1,轻度,inherited,1782614843.569234610
